-- Adminer 4.2.1 MySQL dump

SET NAMES utf8;
SET time_zone = '+00:00';
SET foreign_key_checks = 0;
SET sql_mode = 'NO_AUTO_VALUE_ON_ZERO';

USE `savenepal`;

DROP TABLE IF EXISTS `agent`;
CREATE TABLE `agent` (
  `agent_id` int(11) NOT NULL AUTO_INCREMENT,
  `agent_type` varchar(100) NOT NULL,
  `agent_name` varchar(100) NOT NULL,
  `agent_phone` varchar(100) NOT NULL,
  `agent_email` varchar(100) NOT NULL,
  `agent_address` varchar(100) NOT NULL,
  `agent_organization` varchar(100) NOT NULL,
  `agent_can_travel` varchar(100) NOT NULL,
  `agent_duration_available` varchar(100) NOT NULL,
  `agent_language_known` varchar(100) NOT NULL,
  `agent_can_provide` varchar(500) NOT NULL,
  `agent_status` int(10) NOT NULL,
  `agent_deployed_in` varchar(1000) NOT NULL,
  PRIMARY KEY (`agent_id`)
) ENGINE=InnoDB DEFAULT CHARSET=utf8;

TRUNCATE `agent`;
INSERT INTO `agent` (`agent_id`, `agent_type`, `agent_name`, `agent_phone`, `agent_email`, `agent_address`, `agent_organization`, `agent_can_travel`, `agent_duration_available`, `agent_language_known`, `agent_can_provide`, `agent_status`, `agent_deployed_in`) VALUES
(1,	'ground',	'rupesh maharjan',	'9841592642',	'9841592642@yellowhouse.com',	'N/A',	'N/A',	'yes',	'N/A',	'N/A',	'N/A',	2,	'BhaktapurN.P.'),
(2,	'ground',	'sian aggett',	'9808190012',	'9808190012@yellowhouse.com',	'N/A',	'N/A',	'yes',	'N/A',	'N/A',	'N/A',	2,	'Khokana'),
(3,	'ground',	'thakur lama',	'9860367709',	'9860367709@yellowhouse.com',	'N/A',	'N/A',	'yes',	'N/A',	'N/A',	'N/A',	2,	'Sankhu'),
(4,	'ground',	'rajan',	'9841261225',	'9841261225@yellowhouse.com',	'N/A',	'N/A',	'yes',	'N/A',	'N/A',	'N/A',	2,	'Dalchoki'),
(5,	'ground',	'arjun kumar shah',	'9803302769',	'9803302769@yellowhouse.com',	'N/A',	'N/A',	'yes',	'N/A',	'N/A',	'N/A',	2,	'DhulikhelN.P'),
(6,	'ground',	'nirmal thapa',	'9849845820',	'9849845820@yellowhouse.com',	'N/A',	'N/A',	'yes',	'N/A',	'N/A',	'N/A',	2,	'Nallu'),
(7,	'ground',	'gaurab pahari',	'9843323170',	'9843323170@yellowhouse.com',	'N/A',	'N/A',	'yes',	'N/A',	'N/A',	'N/A',	2,	'Badikhel'),
(8,	'ground',	'ranjana subedi',	'9851149451',	'9851149451@yellowhouse.com',	'N/A',	'N/A',	'yes',	'N/A',	'N/A',	'N/A',	2,	'Badikhel'),
(9,	'ground',	'govinda thapa magar',	'9868028605',	'9868028605@yellowhouse.com',	'N/A',	'N/A',	'yes',	'N/A',	'N/A',	'N/A',	2,	'Godawari'),
(10,	'ground',	'karma lama',	'9841214683',	'9841214683@yellowhouse.com',	'N/A',	'N/A',	'yes',	'N/A',	'N/A',	'N/A',	2,	'Hagam'),
(11,	'ground',	'uttam balami',	'9851103899',	'9851103899@yellowhouse.com',	'N/A',	'N/A',	'yes',	'N/A',	'N/A',	'N/A',	2,	'Gakhu'),
(12,	'ground',	'robert groenen',	'9813566757',	'9813566757@yellowhouse.com',	'N/A',	'N/A',	'yes',	'N/A',	'N/A',	'N/A',	2,	'Sainbu'),
(13,	'ground',	'rajesh',	'868868267',	'868868267@yellowhouse.com',	'N/A',	'N/A',	'yes',	'N/A',	'N/A',	'N/A',	2,	'Bhaktapur'),
(14,	'ground',	'N/A',	'581716948',	'581716948@yellowhouse.com',	'N/A',	'N/A',	'yes',	'N/A',	'N/A',	'N/A',	2,	'KirtipurN.P.'),
(15,	'ground',	'narayaon pahari',	'323433691',	'323433691@yellowhouse.com',	'N/A',	'N/A',	'yes',	'N/A',	'N/A',	'N/A',	2,	'Chunikhel'),
(16,	'ground',	'sagar chitrakar',	'9849003876',	'9849003876@yellowhouse.com',	'N/A',	'N/A',	'yes',	'N/A',	'N/A',	'N/A',	2,	'DhulikhelN.P'),
(17,	'ground',	'raj gywali',	'444510702',	'444510702@yellowhouse.com',	'N/A',	'N/A',	'yes',	'N/A',	'N/A',	'N/A',	2,	'Gati'),
(18,	'ground',	'rajat',	'938026962',	'938026962@yellowhouse.com',	'N/A',	'N/A',	'yes',	'N/A',	'N/A',	'N/A',	2,	'PanautiN.P.'),
(19,	'ground',	'krishna basnet',	'22353498',	'22353498@yellowhouse.com',	'N/A',	'N/A',	'yes',	'N/A',	'N/A',	'N/A',	2,	'Chhaimale'),
(20,	'ground',	'N/A',	'120927564',	'120927564@yellowhouse.com',	'N/A',	'N/A',	'yes',	'N/A',	'N/A',	'N/A',	2,	'Gotikhel'),
(21,	'ground',	'kumar',	'198355302',	'198355302@yellowhouse.com',	'N/A',	'N/A',	'yes',	'N/A',	'N/A',	'N/A',	2,	'Jyamire'),
(22,	'ground',	'N/A',	'364631370',	'364631370@yellowhouse.com',	'N/A',	'N/A',	'yes',	'N/A',	'N/A',	'N/A',	2,	'Malta'),
(23,	'ground',	'jay, adam hourigan',	'793111547',	'793111547@yellowhouse.com',	'N/A',	'N/A',	'yes',	'N/A',	'N/A',	'N/A',	2,	'Bhattedanda'),
(24,	'ground',	'ashmita',	'817227276',	'817227276@yellowhouse.com',	'N/A',	'N/A',	'yes',	'N/A',	'N/A',	'N/A',	2,	'Sindhupalchok'),
(25,	'ground',	'anil',	'326863090',	'326863090@yellowhouse.com',	'N/A',	'N/A',	'yes',	'N/A',	'N/A',	'N/A',	2,	'Lubhu'),
(26,	'ground',	'N/A',	'182188385',	'182188385@yellowhouse.com',	'N/A',	'N/A',	'yes',	'N/A',	'N/A',	'N/A',	2,	'KathmanduN.P.'),
(27,	'ground',	'sunil khatri',	'70580054',	'70580054@yellowhouse.com',	'N/A',	'N/A',	'yes',	'N/A',	'N/A',	'N/A',	2,	'PanautiN.P.'),
(28,	'ground',	'N/A',	'240252820',	'240252820@yellowhouse.com',	'N/A',	'N/A',	'yes',	'N/A',	'N/A',	'N/A',	2,	'Harisiddhi'),
(29,	'ground',	'N/A',	'318382164',	'318382164@yellowhouse.com',	'N/A',	'N/A',	'yes',	'N/A',	'N/A',	'N/A',	2,	'Bungamati'),
(30,	'ground',	'lalitpur/sankhu',	'aussies',	'aussies@yellowhouse.com',	'N/A',	'N/A',	'yes',	'N/A',	'N/A',	'N/A',	2,	'Sankhu'),
(31,	'ground',	'bimal',	'533569015',	'533569015@yellowhouse.com',	'N/A',	'N/A',	'yes',	'N/A',	'N/A',	'N/A',	2,	'Baad Bhanjyang'),
(32,	'ground',	'milap dixit',	'9851023649',	'9851023649@yellowhouse.com',	'N/A',	'N/A',	'yes',	'N/A',	'N/A',	'N/A',	2,	'Chapagaun'),
(33,	'ground',	'vic',	'72002546',	'72002546@yellowhouse.com',	'N/A',	'N/A',	'yes',	'N/A',	'N/A',	'N/A',	2,	'BhaktapurN.P.'),
(34,	'ground',	'sunil',	'570958003',	'570958003@yellowhouse.com',	'N/A',	'N/A',	'yes',	'N/A',	'N/A',	'N/A',	2,	'Mathurapatifulbari'),
(35,	'ground',	'bejay lama',	'699852387',	'699852387@yellowhouse.com',	'N/A',	'N/A',	'yes',	'N/A',	'N/A',	'N/A',	2,	'Bhardev'),
(36,	'ground',	'ayush',	'638954699',	'638954699@yellowhouse.com',	'N/A',	'N/A',	'yes',	'N/A',	'N/A',	'N/A',	2,	'Chapagaun'),
(37,	'ground',	'pratibha',	'315994037',	'315994037@yellowhouse.com',	'N/A',	'N/A',	'yes',	'N/A',	'N/A',	'N/A',	2,	'Chapagaun'),
(38,	'ground',	'N/A',	'719612110',	'719612110@yellowhouse.com',	'N/A',	'N/A',	'yes',	'N/A',	'N/A',	'N/A',	2,	'Devichour'),
(39,	'ground',	'protibha',	'717024760',	'717024760@yellowhouse.com',	'N/A',	'N/A',	'yes',	'N/A',	'N/A',	'N/A',	2,	'Chapagaun'),
(40,	'ground',	'jeekesh',	'269694045',	'269694045@yellowhouse.com',	'N/A',	'N/A',	'yes',	'N/A',	'N/A',	'N/A',	2,	'Jharuwarasi'),
(41,	'ground',	'jay',	'9851023243',	'9851023243@yellowhouse.com',	'N/A',	'N/A',	'yes',	'N/A',	'N/A',	'N/A',	2,	'Lakhanpur'),
(42,	'ground',	'pramad neuane',	'9841888901',	'9841888901@yellowhouse.com',	'N/A',	'N/A',	'yes',	'N/A',	'N/A',	'N/A',	2,	'Jalbire'),
(43,	'ground',	'dawa sherpa',	'9841181371',	'9841181371@yellowhouse.com',	'N/A',	'N/A',	'yes',	'N/A',	'N/A',	'N/A',	2,	'Nalang'),
(44,	'ground',	'niranjan kunwar',	'850854487',	'850854487@yellowhouse.com',	'N/A',	'N/A',	'yes',	'N/A',	'N/A',	'N/A',	2,	'Ikudol'),
(45,	'ground',	'dipesh shrestha',	'984006181',	'984006181@yellowhouse.com',	'N/A',	'N/A',	'yes',	'N/A',	'N/A',	'N/A',	2,	'KirtipurN.P.'),
(46,	'ground',	'N/A',	'887984809',	'887984809@yellowhouse.com',	'N/A',	'N/A',	'yes',	'N/A',	'N/A',	'N/A',	2,	'Lapsephedi'),
(47,	'ground',	'sabitri (dwarika\'s)',	'589166257',	'589166257@yellowhouse.com',	'N/A',	'N/A',	'yes',	'N/A',	'N/A',	'N/A',	2,	'Gaunkharka'),
(48,	'ground',	'sunita malakar',	'9851040501',	'9851040501@yellowhouse.com',	'N/A',	'N/A',	'yes',	'N/A',	'N/A',	'N/A',	2,	'Budhakhani'),
(49,	'ground',	'abimsa yajari',	'9803207970',	'9803207970@yellowhouse.com',	'N/A',	'N/A',	'yes',	'N/A',	'N/A',	'N/A',	2,	'ChandeniMandan'),
(50,	'ground',	'ajay',	'635642199',	'635642199@yellowhouse.com',	'N/A',	'N/A',	'yes',	'N/A',	'N/A',	'N/A',	2,	'Jalbire'),
(51,	'ground',	'sujan khanal',	'9843243033',	'9843243033@yellowhouse.com',	'N/A',	'N/A',	'yes',	'N/A',	'N/A',	'N/A',	2,	'Aarupokhari'),
(52,	'ground',	'emily coolidge',	'9801100928',	'9801100928@yellowhouse.com',	'N/A',	'N/A',	'yes',	'N/A',	'N/A',	'N/A',	2,	'KirtipurN.P.'),
(53,	'ground',	'aryan upreti',	'9843495080',	'9843495080@yellowhouse.com',	'N/A',	'N/A',	'yes',	'N/A',	'N/A',	'N/A',	2,	'Chhetrapa'),
(54,	'ground',	'matt pinter',	'9803013351',	'9803013351@yellowhouse.com',	'N/A',	'N/A',	'yes',	'N/A',	'N/A',	'N/A',	2,	'Jyamrung'),
(55,	'ground',	'matt pinder',	'9803013351',	'9803013351@yellowhouse.com',	'N/A',	'N/A',	'yes',	'N/A',	'N/A',	'N/A',	2,	'Gumdi'),
(56,	'ground',	'jay kakshapati',	'775160797',	'775160797@yellowhouse.com',	'N/A',	'N/A',	'yes',	'N/A',	'N/A',	'N/A',	2,	'Jalbire'),
(57,	'ground',	'manou',	'9860223079',	'9860223079@yellowhouse.com',	'N/A',	'N/A',	'yes',	'N/A',	'N/A',	'N/A',	2,	'Kautunje'),
(58,	'ground',	'kushal shama',	'9801112411',	'9801112411@yellowhouse.com',	'N/A',	'N/A',	'yes',	'N/A',	'N/A',	'N/A',	2,	'Sankhu'),
(59,	'ground',	'era shrestha',	'9851050625',	'9851050625@yellowhouse.com',	'N/A',	'N/A',	'yes',	'N/A',	'N/A',	'N/A',	2,	'Sitapaila'),
(60,	'ground',	'era shrestha',	'9851050625',	'9851050625@yellowhouse.com',	'N/A',	'N/A',	'yes',	'N/A',	'N/A',	'N/A',	2,	'Machchhegaun'),
(61,	'ground',	'N/A',	'953661278',	'953661278@yellowhouse.com',	'N/A',	'N/A',	'yes',	'N/A',	'N/A',	'N/A',	2,	'Kadambas'),
(62,	'ground',	'dipesh shrestha',	'9840061181',	'9840061181@yellowhouse.com',	'N/A',	'N/A',	'yes',	'N/A',	'N/A',	'N/A',	2,	'Bungamati'),
(63,	'ground',	'dawa sherpa',	'9841181371',	'9841181371@yellowhouse.com',	'N/A',	'N/A',	'yes',	'N/A',	'N/A',	'N/A',	2,	'Marpak'),
(64,	'ground',	'upendra kana',	'504510465',	'504510465@yellowhouse.com',	'N/A',	'N/A',	'yes',	'N/A',	'N/A',	'N/A',	2,	'Bhattedanda'),
(65,	'ground',	'jay',	'356877745',	'356877745@yellowhouse.com',	'N/A',	'N/A',	'yes',	'N/A',	'N/A',	'N/A',	2,	'Marpak'),
(66,	'ground',	'roshni mamal',	'9841676397',	'9841676397@yellowhouse.com',	'N/A',	'N/A',	'yes',	'N/A',	'N/A',	'N/A',	2,	'LalitpurN.P.'),
(67,	'ground',	'backpacker medics supplies refill',	'277094969',	'277094969@yellowhouse.com',	'N/A',	'N/A',	'yes',	'N/A',	'N/A',	'N/A',	2,	'Marpak'),
(68,	'ground',	'franﾍois',	'9802060222',	'9802060222@yellowhouse.com',	'N/A',	'N/A',	'yes',	'N/A',	'N/A',	'N/A',	2,	'Gumdel'),
(69,	'ground',	'suresh bhandari',	'9849054460',	'9849054460@yellowhouse.com',	'N/A',	'N/A',	'yes',	'N/A',	'N/A',	'N/A',	2,	'Gaurisankar'),
(70,	'ground',	'jessica',	'9813539769',	'9813539769@yellowhouse.com',	'N/A',	'N/A',	'yes',	'N/A',	'N/A',	'N/A',	2,	'Reegaun'),
(71,	'ground',	'dr. adhikari',	'9818666582',	'9818666582@yellowhouse.com',	'N/A',	'N/A',	'yes',	'N/A',	'N/A',	'N/A',	2,	'Nankhel'),
(72,	'ground',	'jay/chandra',	'949021168',	'949021168@yellowhouse.com',	'N/A',	'N/A',	'yes',	'N/A',	'N/A',	'N/A',	2,	'BanepaN.P.'),
(73,	'ground',	'jay/chandra',	'294904706',	'294904706@yellowhouse.com',	'N/A',	'N/A',	'yes',	'N/A',	'N/A',	'N/A',	2,	'Sipadol'),
(74,	'ground',	'jay/chandra',	'9851023253',	'9851023253@yellowhouse.com',	'N/A',	'N/A',	'yes',	'N/A',	'N/A',	'N/A',	2,	'BhaktapurN.P.'),
(75,	'ground',	'jay/chandra',	'299448468',	'299448468@yellowhouse.com',	'N/A',	'N/A',	'yes',	'N/A',	'N/A',	'N/A',	2,	'Sipadol'),
(76,	'ground',	'somu golei',	'9841592723',	'9841592723@yellowhouse.com',	'N/A',	'N/A',	'yes',	'N/A',	'N/A',	'N/A',	2,	'Hurnamadi'),
(77,	'ground',	'manish sainju',	'9818181808',	'9818181808@yellowhouse.com',	'N/A',	'N/A',	'yes',	'N/A',	'N/A',	'N/A',	2,	'Okharpauwa'),
(78,	'ground',	'bir chandra nakarmi',	'9841157222',	'9841157222@yellowhouse.com',	'N/A',	'N/A',	'yes',	'N/A',	'N/A',	'N/A',	2,	'Baad Bhanjyang'),
(79,	'ground',	'dipesh shrestha',	'9840061181',	'9840061181@yellowhouse.com',	'N/A',	'N/A',	'yes',	'N/A',	'N/A',	'N/A',	2,	'Khokana'),
(80,	'ground',	'anjay khadka',	'9841303914',	'9841303914@yellowhouse.com',	'N/A',	'N/A',	'yes',	'N/A',	'N/A',	'N/A',	2,	'Sipapokhare'),
(81,	'ground',	'bishan lama',	'9808482088',	'9808482088@yellowhouse.com',	'N/A',	'N/A',	'yes',	'N/A',	'N/A',	'N/A',	2,	'Salyantar'),
(82,	'ground',	'punam gihore risal',	'9803052139',	'9803052139@yellowhouse.com',	'N/A',	'N/A',	'yes',	'N/A',	'N/A',	'N/A',	2,	'Sankhu'),
(83,	'ground',	'jess payne',	'9808921751',	'9808921751@yellowhouse.com',	'N/A',	'N/A',	'yes',	'N/A',	'N/A',	'N/A',	2,	'BhaktapurN.P.'),
(84,	'ground',	'roopshree joshi',	'9851010757',	'9851010757@yellowhouse.com',	'N/A',	'N/A',	'yes',	'N/A',	'N/A',	'N/A',	2,	'KirtipurN.P.'),
(85,	'ground',	'sagar chitrakar',	'9849003876',	'9849003876@yellowhouse.com',	'N/A',	'N/A',	'yes',	'N/A',	'N/A',	'N/A',	2,	'BhaktapurN.P.'),
(86,	'ground',	'suraj khadka',	'9851157845',	'9851157845@yellowhouse.com',	'N/A',	'N/A',	'yes',	'N/A',	'N/A',	'N/A',	2,	'Takumajhalakuribot'),
(87,	'ground',	'N/A',	'69948731',	'69948731@yellowhouse.com',	'N/A',	'N/A',	'yes',	'N/A',	'N/A',	'N/A',	2,	'Bukhel'),
(88,	'ground',	'nabin giri',	'9841516973',	'9841516973@yellowhouse.com',	'N/A',	'N/A',	'yes',	'N/A',	'N/A',	'N/A',	2,	'Jharlang'),
(89,	'ground',	'kesang sherpa',	'98189366353',	'98189366353@yellowhouse.com',	'N/A',	'N/A',	'yes',	'N/A',	'N/A',	'N/A',	2,	'Gokarneswor'),
(90,	'ground',	'ajay rana',	'493260009',	'493260009@yellowhouse.com',	'N/A',	'N/A',	'yes',	'N/A',	'N/A',	'N/A',	2,	'Jalbire'),
(91,	'ground',	'kamala sapkola',	'9841793080',	'9841793080@yellowhouse.com',	'N/A',	'N/A',	'yes',	'N/A',	'N/A',	'N/A',	2,	'Bhattedanda'),
(92,	'ground',	'som bhatta',	'664079839',	'664079839@yellowhouse.com',	'N/A',	'N/A',	'yes',	'N/A',	'N/A',	'N/A',	2,	'Tandrang'),
(93,	'ground',	'uttam balami',	'863060278',	'863060278@yellowhouse.com',	'N/A',	'N/A',	'yes',	'N/A',	'N/A',	'N/A',	2,	'Gakhu'),
(94,	'ground',	'leonie',	'310487285',	'310487285@yellowhouse.com',	'N/A',	'N/A',	'yes',	'N/A',	'N/A',	'N/A',	2,	'Takukot'),
(95,	'ground',	'matt pinter',	'9803013351',	'9803013351@yellowhouse.com',	'N/A',	'N/A',	'yes',	'N/A',	'N/A',	'N/A',	2,	'Jyamrung'),
(96,	'ground',	'sabitri basnet',	'9841577970',	'9841577970@yellowhouse.com',	'N/A',	'N/A',	'yes',	'N/A',	'N/A',	'N/A',	2,	'Thanapati'),
(97,	'ground',	'thank narayan shrestha',	'9841524993',	'9841524993@yellowhouse.com',	'N/A',	'N/A',	'yes',	'N/A',	'N/A',	'N/A',	2,	'Dhola'),
(98,	'ground',	'jeevan dhurgana',	'9841915435',	'9841915435@yellowhouse.com',	'N/A',	'N/A',	'yes',	'N/A',	'N/A',	'N/A',	2,	'Raviopi'),
(99,	'ground',	'N/A',	'990942929',	'990942929@yellowhouse.com',	'N/A',	'N/A',	'yes',	'N/A',	'N/A',	'N/A',	2,	'BhaktapurN.P.'),
(100,	'ground',	'N/A',	'45248663',	'45248663@yellowhouse.com',	'N/A',	'N/A',	'yes',	'N/A',	'N/A',	'N/A',	2,	'Bukhel'),
(101,	'ground',	'jaycees',	'381067340',	'381067340@yellowhouse.com',	'N/A',	'N/A',	'yes',	'N/A',	'N/A',	'N/A',	2,	'BhaktapurN.P.'),
(102,	'ground',	'jay',	'231195748',	'231195748@yellowhouse.com',	'N/A',	'N/A',	'yes',	'N/A',	'N/A',	'N/A',	2,	'Bhardev'),
(103,	'ground',	'sandip',	'363630828',	'363630828@yellowhouse.com',	'N/A',	'N/A',	'yes',	'N/A',	'N/A',	'N/A',	2,	'Bungamati'),
(104,	'ground',	'bijay',	'914636355',	'914636355@yellowhouse.com',	'N/A',	'N/A',	'yes',	'N/A',	'N/A',	'N/A',	2,	'Devichour'),
(105,	'ground',	'raj',	'303198295',	'303198295@yellowhouse.com',	'N/A',	'N/A',	'yes',	'N/A',	'N/A',	'N/A',	2,	'Lele'),
(106,	'ground',	'supriya',	'934588832',	'934588832@yellowhouse.com',	'N/A',	'N/A',	'yes',	'N/A',	'N/A',	'N/A',	2,	'Sangachok'),
(107,	'ground',	'sashakta',	'614488742',	'614488742@yellowhouse.com',	'N/A',	'N/A',	'yes',	'N/A',	'N/A',	'N/A',	2,	'BhaktapurN.P.'),
(108,	'ground',	'adeesh',	'9841412106',	'9841412106@yellowhouse.com',	'N/A',	'N/A',	'yes',	'N/A',	'N/A',	'N/A',	2,	'Chhaimale'),
(109,	'ground',	'N/A',	'942152994',	'942152994@yellowhouse.com',	'N/A',	'N/A',	'yes',	'N/A',	'N/A',	'N/A',	2,	'Kabhre Palanchok'),
(110,	'ground',	'rochak',	'250582868',	'250582868@yellowhouse.com',	'N/A',	'N/A',	'yes',	'N/A',	'N/A',	'N/A',	2,	'KirtipurN.P.'),
(111,	'ground',	'N/A',	'334100852',	'334100852@yellowhouse.com',	'N/A',	'N/A',	'yes',	'N/A',	'N/A',	'N/A',	2,	'KathmanduN.P.'),
(112,	'ground',	'pranjali',	'659177754',	'659177754@yellowhouse.com',	'N/A',	'N/A',	'yes',	'N/A',	'N/A',	'N/A',	2,	'KathmanduN.P.'),
(113,	'ground',	'sulov',	'520276914',	'520276914@yellowhouse.com',	'N/A',	'N/A',	'yes',	'N/A',	'N/A',	'N/A',	2,	'KathmanduN.P.'),
(114,	'ground',	'ravi',	'184955339',	'184955339@yellowhouse.com',	'N/A',	'N/A',	'yes',	'N/A',	'N/A',	'N/A',	2,	'Baluwa'),
(115,	'ground',	'punam g risal',	'9803052139',	'9803052139@yellowhouse.com',	'N/A',	'N/A',	'yes',	'N/A',	'N/A',	'N/A',	2,	'Balkumari'),
(116,	'ground',	'chandra ale',	'9851014586',	'9851014586@yellowhouse.com',	'N/A',	'N/A',	'yes',	'N/A',	'N/A',	'N/A',	2,	'Shreenathkot'),
(117,	'ground',	'bishnu lama',	'9808482088',	'9808482088@yellowhouse.com',	'N/A',	'N/A',	'yes',	'N/A',	'N/A',	'N/A',	2,	'Chisapani'),
(118,	'ground',	'daniel',	'9810144784',	'9810144784@yellowhouse.com',	'N/A',	'N/A',	'yes',	'N/A',	'N/A',	'N/A',	2,	'Kautunje'),
(119,	'ground',	'binayak upadhay',	'980647744',	'980647744@yellowhouse.com',	'N/A',	'N/A',	'yes',	'N/A',	'N/A',	'N/A',	2,	'Aalapot'),
(120,	'ground',	'matt pinter',	'9803013355',	'9803013355@yellowhouse.com',	'N/A',	'N/A',	'yes',	'N/A',	'N/A',	'N/A',	2,	'Dhawa'),
(121,	'ground',	'ajay',	'9841286935',	'9841286935@yellowhouse.com',	'N/A',	'N/A',	'yes',	'N/A',	'N/A',	'N/A',	2,	'Marpak'),
(122,	'ground',	'aditya shrestha',	'9841303375',	'9841303375@yellowhouse.com',	'N/A',	'N/A',	'yes',	'N/A',	'N/A',	'N/A',	2,	'Kakani'),
(123,	'ground',	'uttam prasad',	'9849104150',	'9849104150@yellowhouse.com',	'N/A',	'N/A',	'yes',	'N/A',	'N/A',	'N/A',	2,	'Yamunadanda'),
(124,	'ground',	'kavita lama',	'9843761616',	'9843761616@yellowhouse.com',	'N/A',	'N/A',	'yes',	'N/A',	'N/A',	'N/A',	2,	'Godawari'),
(125,	'ground',	'saros bhatha',	'9841047270',	'9841047270@yellowhouse.com',	'N/A',	'N/A',	'yes',	'N/A',	'N/A',	'N/A',	2,	'Tandrang'),
(126,	'ground',	'deven shakya',	'9841080092',	'9841080092@yellowhouse.com',	'N/A',	'N/A',	'yes',	'N/A',	'N/A',	'N/A',	2,	'Lele'),
(127,	'ground',	'ashesh dangol',	'9841222896',	'9841222896@yellowhouse.com',	'N/A',	'N/A',	'yes',	'N/A',	'N/A',	'N/A',	2,	'Thankot'),
(128,	'ground',	'suja chitrakar',	'9851063993',	'9851063993@yellowhouse.com',	'N/A',	'N/A',	'yes',	'N/A',	'N/A',	'N/A',	2,	'Khokana'),
(129,	'ground',	'dr. kirti ghimire (indian doctors team)',	'9851027415',	'9851027415@yellowhouse.com',	'N/A',	'N/A',	'yes',	'N/A',	'N/A',	'N/A',	2,	'Taple'),
(130,	'ground',	'will jonas',	'9803343315',	'9803343315@yellowhouse.com',	'N/A',	'N/A',	'yes',	'N/A',	'N/A',	'N/A',	2,	'Dukuchhap'),
(131,	'ground',	'indira joshie',	'9841330560',	'9841330560@yellowhouse.com',	'N/A',	'N/A',	'yes',	'N/A',	'N/A',	'N/A',	2,	'LalitpurN.P.'),
(132,	'ground',	'dawa sherpa',	'9841981371',	'9841981371@yellowhouse.com',	'N/A',	'N/A',	'yes',	'N/A',	'N/A',	'N/A',	2,	'Marpak'),
(133,	'ground',	'shailendra dangol',	'9802024586',	'9802024586@yellowhouse.com',	'N/A',	'N/A',	'yes',	'N/A',	'N/A',	'N/A',	2,	'Dolakha'),
(134,	'ground',	'ram prasat pokharel',	'9841593043',	'9841593043@yellowhouse.com',	'N/A',	'N/A',	'yes',	'N/A',	'N/A',	'N/A',	2,	'Chhoprak'),
(135,	'ground',	'narendra mainali',	'9851077733',	'9851077733@yellowhouse.com',	'N/A',	'N/A',	'yes',	'N/A',	'N/A',	'N/A',	2,	'Kavrenityachandeswor'),
(136,	'ground',	'anurdha kafre',	'9841238329',	'9841238329@yellowhouse.com',	'N/A',	'N/A',	'yes',	'N/A',	'N/A',	'N/A',	2,	'Dukuchhap'),
(137,	'ground',	'sandeep gurung',	'9851198757',	'9851198757@yellowhouse.com',	'N/A',	'N/A',	'yes',	'N/A',	'N/A',	'N/A',	2,	'Aanppipal'),
(138,	'ground',	'mandil pradhan',	'9801005050',	'9801005050@yellowhouse.com',	'N/A',	'N/A',	'yes',	'N/A',	'N/A',	'N/A',	2,	'Thakani'),
(139,	'ground',	'rashmi joshy',	'9851016667',	'9851016667@yellowhouse.com',	'N/A',	'N/A',	'yes',	'N/A',	'N/A',	'N/A',	2,	'Puranojhangajholi'),
(140,	'ground',	'laura caicoya',	'9810135953',	'9810135953@yellowhouse.com',	'N/A',	'N/A',	'yes',	'N/A',	'N/A',	'N/A',	2,	'Bahrabise'),
(141,	'ground',	'punam risal',	'9803052139',	'9803052139@yellowhouse.com',	'N/A',	'N/A',	'yes',	'N/A',	'N/A',	'N/A',	2,	'Mahankal'),
(142,	'ground',	'jasmine',	'9803047945',	'9803047945@yellowhouse.com',	'N/A',	'N/A',	'yes',	'N/A',	'N/A',	'N/A',	2,	'KathmanduN.P.'),
(143,	'ground',	'hector mendez recovery team',	'547162562',	'547162562@yellowhouse.com',	'N/A',	'N/A',	'yes',	'N/A',	'N/A',	'N/A',	2,	'Langtang'),
(144,	'ground',	'deepak gurung',	'9841602819',	'9841602819@yellowhouse.com',	'N/A',	'N/A',	'yes',	'N/A',	'N/A',	'N/A',	2,	'Hagam'),
(145,	'ground',	'john',	'9841908562',	'9841908562@yellowhouse.com',	'N/A',	'N/A',	'yes',	'N/A',	'N/A',	'N/A',	2,	'Baruwa'),
(146,	'ground',	'binayak',	'9860467744',	'9860467744@yellowhouse.com',	'N/A',	'N/A',	'yes',	'N/A',	'N/A',	'N/A',	2,	'Kavrenityachandeswor'),
(147,	'ground',	'binayak',	'9860467744',	'9860467744@yellowhouse.com',	'N/A',	'N/A',	'yes',	'N/A',	'N/A',	'N/A',	2,	'Sangachok'),
(148,	'ground',	'prayash shakya',	'9851134191',	'9851134191@yellowhouse.com',	'N/A',	'N/A',	'yes',	'N/A',	'N/A',	'N/A',	2,	'Kakani'),
(149,	'ground',	'jeevan rai',	'9843722436',	'9843722436@yellowhouse.com',	'N/A',	'N/A',	'yes',	'N/A',	'N/A',	'N/A',	2,	'Gati'),
(150,	'ground',	'santosh giri',	'980490109',	'980490109@yellowhouse.com',	'N/A',	'N/A',	'yes',	'N/A',	'N/A',	'N/A',	2,	'Badegau'),
(151,	'ground',	'sushil shabi',	'9841522189',	'9841522189@yellowhouse.com',	'N/A',	'N/A',	'yes',	'N/A',	'N/A',	'N/A',	2,	'Sikre'),
(152,	'ground',	'pranjali singh',	'9801077220',	'9801077220@yellowhouse.com',	'N/A',	'N/A',	'yes',	'N/A',	'N/A',	'N/A',	2,	'Lubhu'),
(153,	'ground',	'chandra',	'9841599693',	'9841599693@yellowhouse.com',	'N/A',	'N/A',	'yes',	'N/A',	'N/A',	'N/A',	2,	'Gumdel'),
(154,	'ground',	'dr marjit shrestha',	'9841554612',	'9841554612@yellowhouse.com',	'N/A',	'N/A',	'yes',	'N/A',	'N/A',	'N/A',	2,	'Sikre'),
(155,	'ground',	'abhiyen kadel',	'9811980182',	'9811980182@yellowhouse.com',	'N/A',	'N/A',	'yes',	'N/A',	'N/A',	'N/A',	2,	'ChhatreDyaurali'),
(156,	'ground',	'bikash sapkota',	'9803022821',	'9803022821@yellowhouse.com',	'N/A',	'N/A',	'yes',	'N/A',	'N/A',	'N/A',	2,	'Sangkosh'),
(157,	'ground',	'bishnu lama',	'9808482088',	'9808482088@yellowhouse.com',	'N/A',	'N/A',	'yes',	'N/A',	'N/A',	'N/A',	2,	'Nala(Ugrachandi)'),
(158,	'ground',	'matt pinter',	'9803013351',	'9803013351@yellowhouse.com',	'N/A',	'N/A',	'yes',	'N/A',	'N/A',	'N/A',	2,	'Jibjibe(Nilkantha)'),
(159,	'ground',	'raju karki',	'9803281686',	'9803281686@yellowhouse.com',	'N/A',	'N/A',	'yes',	'N/A',	'N/A',	'N/A',	2,	'Ramche'),
(160,	'ground',	'arjan homal',	'9841550797',	'9841550797@yellowhouse.com',	'N/A',	'N/A',	'yes',	'N/A',	'N/A',	'N/A',	2,	'Bhulbhule'),
(161,	'ground',	'sangita shrestha',	'9851092446',	'9851092446@yellowhouse.com',	'N/A',	'N/A',	'yes',	'N/A',	'N/A',	'N/A',	2,	'Sindhupalchok'),
(162,	'ground',	'abiral kakshapati',	'9843693399',	'9843693399@yellowhouse.com',	'N/A',	'N/A',	'yes',	'N/A',	'N/A',	'N/A',	2,	'Choukati'),
(163,	'ground',	'chitra 1',	'109443171',	'109443171@yellowhouse.com',	'N/A',	'N/A',	'yes',	'N/A',	'N/A',	'N/A',	2,	'Thampal Chhap'),
(164,	'ground',	'chitra',	'820597538',	'820597538@yellowhouse.com',	'N/A',	'N/A',	'yes',	'N/A',	'N/A',	'N/A',	2,	'BhimesworN.P.'),
(165,	'ground',	'arturo naredo (helpless chilren mother',	'34627555953',	'34627555953@yellowhouse.com',	'N/A',	'N/A',	'yes',	'N/A',	'N/A',	'N/A',	2,	'Gonggabu'),
(166,	'ground',	'binayak',	'9860467744',	'9860467744@yellowhouse.com',	'N/A',	'N/A',	'yes',	'N/A',	'N/A',	'N/A',	2,	'Atarpur'),
(167,	'ground',	'deepak shrestha',	'9803891521',	'9803891521@yellowhouse.com',	'N/A',	'N/A',	'yes',	'N/A',	'N/A',	'N/A',	2,	'Kadambas'),
(168,	'ground',	'bindesh shrestha',	'9841530843',	'9841530843@yellowhouse.com',	'N/A',	'N/A',	'yes',	'N/A',	'N/A',	'N/A',	2,	'Helumbu'),
(169,	'ground',	'dipesh shrestha',	'9840061151',	'9840061151@yellowhouse.com',	'N/A',	'N/A',	'yes',	'N/A',	'N/A',	'N/A',	2,	'Ramkot'),
(170,	'ground',	'arkinde raj.',	'9801113405',	'9801113405@yellowhouse.com',	'N/A',	'N/A',	'yes',	'N/A',	'N/A',	'N/A',	2,	'Fakhel'),
(171,	'ground',	'jasmine',	'9803047945',	'9803047945@yellowhouse.com',	'N/A',	'N/A',	'yes',	'N/A',	'N/A',	'N/A',	2,	'KathmanduN.P.'),
(172,	'ground',	'shailendra',	'9802024586',	'9802024586@yellowhouse.com',	'N/A',	'N/A',	'yes',	'N/A',	'N/A',	'N/A',	2,	'Suri'),
(173,	'ground',	'raju karki',	'9803281686',	'9803281686@yellowhouse.com',	'N/A',	'N/A',	'yes',	'N/A',	'N/A',	'N/A',	2,	'Ramche'),
(174,	'ground',	'b. ghimire',	'9741008707',	'9741008707@yellowhouse.com',	'N/A',	'N/A',	'yes',	'N/A',	'N/A',	'N/A',	2,	'Badikhel'),
(175,	'ground',	'anuj pradhan',	'322323358',	'322323358@yellowhouse.com',	'N/A',	'N/A',	'yes',	'N/A',	'N/A',	'N/A',	2,	'Gonggabu');

DROP TABLE IF EXISTS `agent_detail`;
CREATE TABLE `agent_detail` (
  `agent_detail_id` int(11) NOT NULL AUTO_INCREMENT,
  `agent_detail_timestamp` datetime NOT NULL,
  `agent_id` varchar(10) NOT NULL,
  `agent_name` varchar(100) NOT NULL,
  `agent_status` int(10) NOT NULL,
  `agent_location` varchar(500) NOT NULL,
  PRIMARY KEY (`agent_detail_id`)
) ENGINE=InnoDB DEFAULT CHARSET=utf8;

TRUNCATE `agent_detail`;
INSERT INTO `agent_detail` (`agent_detail_id`, `agent_detail_timestamp`, `agent_id`, `agent_name`, `agent_status`, `agent_location`) VALUES
(1,	'2015-05-01 00:00:00',	'1',	'rupesh maharjan',	2,	'BhaktapurN.P.'),
(2,	'2015-05-01 00:00:00',	'2',	'sian aggett',	2,	'Khokana'),
(3,	'2015-05-01 00:00:00',	'3',	'thakur lama',	2,	'Sankhu'),
(4,	'2015-05-01 00:00:00',	'4',	'rajan',	2,	'Dalchoki'),
(5,	'2015-05-01 00:00:00',	'5',	'arjun kumar shah',	2,	'DhulikhelN.P'),
(6,	'2015-05-01 00:00:00',	'6',	'nirmal thapa',	2,	'Nallu'),
(7,	'2015-05-01 00:00:00',	'7',	'gaurab pahari',	2,	'Badikhel'),
(8,	'2015-05-01 00:00:00',	'8',	'ranjana subedi',	2,	'Badikhel'),
(9,	'2015-05-01 00:00:00',	'9',	'govinda thapa magar',	2,	'Godawari'),
(10,	'2015-05-01 00:00:00',	'10',	'karma lama',	2,	'Hagam'),
(11,	'2015-05-01 00:00:00',	'11',	'uttam balami',	2,	'Gakhu'),
(12,	'2015-05-01 00:00:00',	'12',	'robert groenen',	2,	'Sainbu'),
(13,	'2015-05-01 00:00:00',	'13',	'rajesh',	2,	'Bhaktapur'),
(14,	'2015-05-01 00:00:00',	'14',	'N/A',	2,	'KirtipurN.P.'),
(15,	'2015-05-01 00:00:00',	'15',	'narayaon pahari',	2,	'Chunikhel'),
(16,	'2015-05-01 00:00:00',	'16',	'sagar chitrakar',	2,	'DhulikhelN.P'),
(17,	'2015-05-01 00:00:00',	'17',	'raj gywali',	2,	'Gati'),
(18,	'2015-05-01 00:00:00',	'18',	'rajat',	2,	'PanautiN.P.'),
(19,	'2015-05-01 00:00:00',	'19',	'krishna basnet',	2,	'Chhaimale'),
(20,	'2015-05-01 00:00:00',	'20',	'N/A',	2,	'Gotikhel'),
(21,	'2015-05-01 00:00:00',	'21',	'kumar',	2,	'Jyamire'),
(22,	'2015-05-01 00:00:00',	'22',	'N/A',	2,	'Malta'),
(23,	'2015-05-01 00:00:00',	'23',	'jay, adam hourigan',	2,	'Bhattedanda'),
(24,	'2015-05-01 00:00:00',	'24',	'ashmita',	2,	'Sindhupalchok'),
(25,	'2015-05-01 00:00:00',	'25',	'anil',	2,	'Lubhu'),
(26,	'2015-05-01 00:00:00',	'26',	'N/A',	2,	'KathmanduN.P.'),
(27,	'2015-05-01 00:00:00',	'27',	'sunil khatri',	2,	'PanautiN.P.'),
(28,	'2015-05-01 00:00:00',	'28',	'N/A',	2,	'Harisiddhi'),
(29,	'2015-05-01 00:00:00',	'29',	'N/A',	2,	'Bungamati'),
(30,	'2015-05-01 00:00:00',	'30',	'lalitpur/sankhu',	2,	'Sankhu'),
(31,	'2015-05-01 00:00:00',	'31',	'bimal',	2,	'Baad Bhanjyang'),
(32,	'2015-05-01 00:00:00',	'32',	'milap dixit',	2,	'Chapagaun'),
(33,	'2015-05-01 00:00:00',	'33',	'vic',	2,	'BhaktapurN.P.'),
(34,	'2015-05-01 00:00:00',	'34',	'sunil',	2,	'Mathurapatifulbari'),
(35,	'2015-05-01 00:00:00',	'35',	'bejay lama',	2,	'Bhardev'),
(36,	'2015-05-01 00:00:00',	'36',	'ayush',	2,	'Chapagaun'),
(37,	'2015-05-01 00:00:00',	'37',	'pratibha',	2,	'Chapagaun'),
(38,	'2015-05-01 00:00:00',	'38',	'N/A',	2,	'Devichour'),
(39,	'2015-05-01 00:00:00',	'39',	'protibha',	2,	'Chapagaun'),
(40,	'2015-05-01 00:00:00',	'40',	'jeekesh',	2,	'Jharuwarasi'),
(41,	'2015-05-10 00:00:00',	'41',	'jay',	2,	'Lakhanpur'),
(42,	'2015-05-10 00:00:00',	'42',	'pramad neuane',	2,	'Jalbire'),
(43,	'2015-05-10 00:00:00',	'43',	'dawa sherpa',	2,	'Nalang'),
(44,	'2015-05-10 00:00:00',	'44',	'niranjan kunwar',	2,	'Ikudol'),
(45,	'2015-05-10 00:00:00',	'45',	'dipesh shrestha',	2,	'KirtipurN.P.'),
(46,	'2015-05-10 00:00:00',	'46',	'N/A',	2,	'Lapsephedi'),
(47,	'2015-05-11 00:00:00',	'47',	'sabitri (dwarika\'s)',	2,	'Gaunkharka'),
(48,	'2015-05-11 00:00:00',	'48',	'sunita malakar',	2,	'Budhakhani'),
(49,	'2015-05-11 00:00:00',	'49',	'abimsa yajari',	2,	'ChandeniMandan'),
(50,	'2015-05-02 00:00:00',	'50',	'ajay',	2,	'Jalbire'),
(51,	'2015-05-02 00:00:00',	'51',	'sujan khanal',	2,	'Aarupokhari'),
(52,	'2015-05-02 00:00:00',	'52',	'emily coolidge',	2,	'KirtipurN.P.'),
(53,	'2015-05-02 00:00:00',	'53',	'aryan upreti',	2,	'Chhetrapa'),
(54,	'2015-05-02 00:00:00',	'54',	'matt pinter',	2,	'Jyamrung'),
(55,	'2015-05-02 00:00:00',	'55',	'matt pinder',	2,	'Gumdi'),
(56,	'2015-05-02 00:00:00',	'56',	'jay kakshapati',	2,	'Jalbire'),
(57,	'2015-05-02 00:00:00',	'57',	'manou',	2,	'Kautunje'),
(58,	'2015-05-02 00:00:00',	'58',	'kushal shama',	2,	'Sankhu'),
(59,	'2015-05-02 00:00:00',	'59',	'era shrestha',	2,	'Sitapaila'),
(60,	'2015-05-02 00:00:00',	'60',	'era shrestha',	2,	'Machchhegaun'),
(61,	'2015-05-02 00:00:00',	'61',	'N/A',	2,	'Kadambas'),
(62,	'2015-05-02 00:00:00',	'62',	'dipesh shrestha',	2,	'Bungamati'),
(63,	'2015-05-02 00:00:00',	'63',	'dawa sherpa',	2,	'Marpak'),
(64,	'2015-05-02 00:00:00',	'64',	'upendra kana',	2,	'Bhattedanda'),
(65,	'2015-05-02 00:00:00',	'65',	'jay',	2,	'Marpak'),
(66,	'2015-05-02 00:00:00',	'66',	'roshni mamal',	2,	'LalitpurN.P.'),
(67,	'2015-05-02 00:00:00',	'67',	'backpacker medics supplies refill',	2,	'Marpak'),
(68,	'2015-05-02 00:00:00',	'68',	'franﾍois',	2,	'Gumdel'),
(69,	'2015-05-02 00:00:00',	'69',	'suresh bhandari',	2,	'Gaurisankar'),
(70,	'2015-05-02 00:00:00',	'70',	'jessica',	2,	'Reegaun'),
(71,	'2015-04-29 00:00:00',	'71',	'dr. adhikari',	2,	'Nankhel'),
(72,	'2015-04-29 00:00:00',	'72',	'jay/chandra',	2,	'BanepaN.P.'),
(73,	'2015-04-29 00:00:00',	'73',	'jay/chandra',	2,	'Sipadol'),
(74,	'2015-04-29 00:00:00',	'74',	'jay/chandra',	2,	'BhaktapurN.P.'),
(75,	'2015-04-29 00:00:00',	'75',	'jay/chandra',	2,	'Sipadol'),
(76,	'2015-05-03 00:00:00',	'76',	'somu golei',	2,	'Hurnamadi'),
(77,	'2015-05-03 00:00:00',	'77',	'manish sainju',	2,	'Okharpauwa'),
(78,	'2015-05-03 00:00:00',	'78',	'bir chandra nakarmi',	2,	'Baad Bhanjyang'),
(79,	'2015-05-03 00:00:00',	'79',	'dipesh shrestha',	2,	'Khokana'),
(80,	'2015-05-03 00:00:00',	'80',	'anjay khadka',	2,	'Sipapokhare'),
(81,	'2015-05-03 00:00:00',	'81',	'bishan lama',	2,	'Salyantar'),
(82,	'2015-05-03 00:00:00',	'82',	'punam gihore risal',	2,	'Sankhu'),
(83,	'2015-05-03 00:00:00',	'83',	'jess payne',	2,	'BhaktapurN.P.'),
(84,	'2015-05-03 00:00:00',	'84',	'roopshree joshi',	2,	'KirtipurN.P.'),
(85,	'2015-05-03 00:00:00',	'85',	'sagar chitrakar',	2,	'BhaktapurN.P.'),
(86,	'2015-05-03 00:00:00',	'86',	'suraj khadka',	2,	'Takumajhalakuribot'),
(87,	'2015-05-03 00:00:00',	'87',	'N/A',	2,	'Bukhel'),
(88,	'2015-05-03 00:00:00',	'88',	'nabin giri',	2,	'Jharlang'),
(89,	'2015-05-03 00:00:00',	'89',	'kesang sherpa',	2,	'Gokarneswor'),
(90,	'2015-05-03 00:00:00',	'90',	'ajay rana',	2,	'Jalbire'),
(91,	'2015-05-03 00:00:00',	'91',	'kamala sapkola',	2,	'Bhattedanda'),
(92,	'2015-05-03 00:00:00',	'92',	'som bhatta',	2,	'Tandrang'),
(93,	'2015-05-03 00:00:00',	'93',	'uttam balami',	2,	'Gakhu'),
(94,	'2015-05-03 00:00:00',	'94',	'leonie',	2,	'Takukot'),
(95,	'2015-05-03 00:00:00',	'95',	'matt pinter',	2,	'Jyamrung'),
(96,	'2015-05-03 00:00:00',	'96',	'sabitri basnet',	2,	'Thanapati'),
(97,	'2015-05-03 00:00:00',	'97',	'thank narayan shrestha',	2,	'Dhola'),
(98,	'2015-05-03 00:00:00',	'98',	'jeevan dhurgana',	2,	'Raviopi'),
(99,	'2015-04-30 00:00:00',	'99',	'N/A',	2,	'BhaktapurN.P.'),
(100,	'2015-04-30 00:00:00',	'100',	'N/A',	2,	'Bukhel'),
(101,	'2015-04-30 00:00:00',	'101',	'jaycees',	2,	'BhaktapurN.P.'),
(102,	'2015-04-30 00:00:00',	'102',	'jay',	2,	'Bhardev'),
(103,	'2015-04-30 00:00:00',	'103',	'sandip',	2,	'Bungamati'),
(104,	'2015-04-30 00:00:00',	'104',	'bijay',	2,	'Devichour'),
(105,	'2015-04-30 00:00:00',	'105',	'raj',	2,	'Lele'),
(106,	'2015-04-30 00:00:00',	'106',	'supriya',	2,	'Sangachok'),
(107,	'2015-04-30 00:00:00',	'107',	'sashakta',	2,	'BhaktapurN.P.'),
(108,	'2015-04-30 00:00:00',	'108',	'adeesh',	2,	'Chhaimale'),
(109,	'2015-04-30 00:00:00',	'109',	'N/A',	2,	'Kabhre Palanchok'),
(110,	'2015-04-30 00:00:00',	'110',	'rochak',	2,	'KirtipurN.P.'),
(111,	'2015-04-30 00:00:00',	'111',	'N/A',	2,	'KathmanduN.P.'),
(112,	'2015-04-30 00:00:00',	'112',	'pranjali',	2,	'KathmanduN.P.'),
(113,	'2015-04-30 00:00:00',	'113',	'sulov',	2,	'KathmanduN.P.'),
(114,	'2015-04-30 00:00:00',	'114',	'ravi',	2,	'Baluwa'),
(115,	'2015-05-04 00:00:00',	'115',	'punam g risal',	2,	'Balkumari'),
(116,	'2015-05-04 00:00:00',	'116',	'chandra ale',	2,	'Shreenathkot'),
(117,	'2015-05-04 00:00:00',	'117',	'bishnu lama',	2,	'Chisapani'),
(118,	'2015-05-04 00:00:00',	'118',	'daniel',	2,	'Kautunje'),
(119,	'2015-05-04 00:00:00',	'119',	'binayak upadhay',	2,	'Aalapot'),
(120,	'2015-05-04 00:00:00',	'120',	'matt pinter',	2,	'Dhawa'),
(121,	'2015-05-04 00:00:00',	'121',	'ajay',	2,	'Marpak'),
(122,	'2015-05-04 00:00:00',	'122',	'aditya shrestha',	2,	'Kakani'),
(123,	'2015-05-04 00:00:00',	'123',	'uttam prasad',	2,	'Yamunadanda'),
(124,	'2015-05-04 00:00:00',	'124',	'kavita lama',	2,	'Godawari'),
(125,	'2015-05-04 00:00:00',	'125',	'saros bhatha',	2,	'Tandrang'),
(126,	'2015-05-04 00:00:00',	'126',	'deven shakya',	2,	'Lele'),
(127,	'2015-05-04 00:00:00',	'127',	'ashesh dangol',	2,	'Thankot'),
(128,	'2015-05-04 00:00:00',	'128',	'suja chitrakar',	2,	'Khokana'),
(129,	'2015-05-06 00:00:00',	'129',	'dr. kirti ghimire (indian doctors team)',	2,	'Taple'),
(130,	'2015-05-05 00:00:00',	'130',	'will jonas',	2,	'Dukuchhap'),
(131,	'2015-05-05 00:00:00',	'131',	'indira joshie',	2,	'LalitpurN.P.'),
(132,	'2015-05-05 00:00:00',	'132',	'dawa sherpa',	2,	'Marpak'),
(133,	'2015-05-05 00:00:00',	'133',	'shailendra dangol',	2,	'Dolakha'),
(134,	'2015-05-05 00:00:00',	'134',	'ram prasat pokharel',	2,	'Chhoprak'),
(135,	'2015-05-05 00:00:00',	'135',	'narendra mainali',	2,	'Kavrenityachandeswor'),
(136,	'2015-05-05 00:00:00',	'136',	'anurdha kafre',	2,	'Dukuchhap'),
(137,	'2015-05-06 00:00:00',	'137',	'sandeep gurung',	2,	'Aanppipal'),
(138,	'2015-05-06 00:00:00',	'138',	'mandil pradhan',	2,	'Thakani'),
(139,	'2015-05-06 00:00:00',	'139',	'rashmi joshy',	2,	'Puranojhangajholi'),
(140,	'2015-05-06 00:00:00',	'140',	'laura caicoya',	2,	'Bahrabise'),
(141,	'2015-05-06 00:00:00',	'141',	'punam risal',	2,	'Mahankal'),
(142,	'2015-05-06 00:00:00',	'142',	'jasmine',	2,	'KathmanduN.P.'),
(143,	'2015-05-06 00:00:00',	'143',	'hector mendez recovery team',	2,	'Langtang'),
(144,	'2015-05-06 00:00:00',	'144',	'deepak gurung',	2,	'Hagam'),
(145,	'2015-05-05 00:00:00',	'145',	'john',	2,	'Baruwa'),
(146,	'2015-05-06 00:00:00',	'146',	'binayak',	2,	'Kavrenityachandeswor'),
(147,	'2015-05-06 00:00:00',	'147',	'binayak',	2,	'Sangachok'),
(148,	'2015-05-06 00:00:00',	'148',	'prayash shakya',	2,	'Kakani'),
(149,	'2015-05-07 00:00:00',	'149',	'jeevan rai',	2,	'Gati'),
(150,	'2015-05-07 00:00:00',	'150',	'santosh giri',	2,	'Badegau'),
(151,	'2015-05-07 00:00:00',	'151',	'sushil shabi',	2,	'Sikre'),
(152,	'2015-05-07 00:00:00',	'152',	'pranjali singh',	2,	'Lubhu'),
(153,	'2015-05-07 00:00:00',	'153',	'chandra',	2,	'Gumdel'),
(154,	'2015-05-07 00:00:00',	'154',	'dr marjit shrestha',	2,	'Sikre'),
(155,	'2015-05-07 00:00:00',	'155',	'abhiyen kadel',	2,	'ChhatreDyaurali'),
(156,	'2015-05-07 00:00:00',	'156',	'bikash sapkota',	2,	'Sangkosh'),
(157,	'2015-05-07 00:00:00',	'157',	'bishnu lama',	2,	'Nala(Ugrachandi)'),
(158,	'2015-05-07 00:00:00',	'158',	'matt pinter',	2,	'Jibjibe(Nilkantha)'),
(159,	'2015-05-08 00:00:00',	'159',	'raju karki',	2,	'Ramche'),
(160,	'2015-05-08 00:00:00',	'160',	'arjan homal',	2,	'Bhulbhule'),
(161,	'2015-05-08 00:00:00',	'161',	'sangita shrestha',	2,	'Sindhupalchok'),
(162,	'2015-05-08 00:00:00',	'162',	'abiral kakshapati',	2,	'Choukati'),
(163,	'2015-05-08 00:00:00',	'163',	'chitra 1',	2,	'Thampal Chhap'),
(164,	'2015-05-08 00:00:00',	'164',	'chitra',	2,	'BhimesworN.P.'),
(165,	'2015-05-08 00:00:00',	'165',	'arturo naredo (helpless chilren mother',	2,	'Gonggabu'),
(166,	'2015-05-08 00:00:00',	'166',	'binayak',	2,	'Atarpur'),
(167,	'2015-05-08 00:00:00',	'167',	'deepak shrestha',	2,	'Kadambas'),
(168,	'2015-05-08 00:00:00',	'168',	'bindesh shrestha',	2,	'Helumbu'),
(169,	'2015-05-09 00:00:00',	'169',	'dipesh shrestha',	2,	'Ramkot'),
(170,	'2015-05-09 00:00:00',	'170',	'arkinde raj.',	2,	'Fakhel'),
(171,	'2015-05-09 00:00:00',	'171',	'jasmine',	2,	'KathmanduN.P.'),
(172,	'2015-05-09 00:00:00',	'172',	'shailendra',	2,	'Suri'),
(173,	'2015-05-08 00:00:00',	'173',	'raju karki',	2,	'Ramche'),
(174,	'2015-05-09 00:00:00',	'174',	'b. ghimire',	2,	'Badikhel'),
(175,	'2015-05-09 00:00:00',	'175',	'anuj pradhan',	2,	'Gonggabu');

DROP TABLE IF EXISTS `item`;
CREATE TABLE `item` (
  `item_id` int(11) NOT NULL AUTO_INCREMENT,
  `item_name` varchar(100) NOT NULL,
  `item_qty` int(11) NOT NULL,
  `item_unit` varchar(10) NOT NULL,
  `w_id` varchar(100) NOT NULL,
  `item_cat_id` varchar(100) NOT NULL,
  PRIMARY KEY (`item_id`)
) ENGINE=InnoDB DEFAULT CHARSET=utf8;

TRUNCATE `item`;
INSERT INTO `item` (`item_id`, `item_name`, `item_qty`, `item_unit`, `w_id`, `item_cat_id`) VALUES
(1,	'rice',	232,	'sack',	'2',	'1'),
(2,	'medicine - supplies',	5001,	'units',	'2',	'2'),
(3,	'piyush',	231,	'bottle',	'2',	'2'),
(4,	'medicine - drug',	7288,	'tabs',	'2',	'9'),
(5,	'medicine - rehydration',	4801,	'units',	'2',	'9'),
(6,	'beaten rice',	228,	'sack',	'2',	'1'),
(7,	'biscuits',	374,	'box',	'2',	'1'),
(8,	'noodles',	813,	'box',	'2',	'1'),
(9,	'medical kit',	84,	'units',	'2',	'9'),
(10,	'lime',	204,	'pack',	'2',	'10'),
(11,	'tarp',	2934,	'units',	'2',	'10'),
(12,	'food packages',	220,	'units',	'2',	'1'),
(13,	'water',	113,	'bottle',	'2',	'1'),
(14,	'lactogen',	2,	'units',	'2',	'2'),
(15,	'rope',	232,	'units',	'2',	'10'),
(16,	'metal pegs',	320,	'units',	'2',	'10'),
(17,	'nylon rope',	29,	'units',	'2',	'10'),
(18,	'plastic rolls',	80,	'rolls',	'2',	'10'),
(19,	'purification tablets',	2190,	'tabs',	'2',	'2'),
(20,	'feeding bottles',	7,	'units',	'2',	'2'),
(21,	'formula milk',	23,	'box',	'2',	'2'),
(22,	'masks',	322,	'box',	'2',	'2'),
(23,	'dal',	219,	'sack',	'2',	'1'),
(24,	'food',	78,	'pack',	'2',	'1'),
(25,	'oil',	145,	'bottle',	'2',	'1'),
(26,	'salt',	294,	'pack',	'2',	'1'),
(27,	'dalmot',	21,	'pack',	'2',	'1'),
(28,	'juice',	141,	'box',	'2',	'1'),
(29,	'lito- baby food',	33,	'pack',	'2',	'2'),
(30,	'pasta',	80,	'pack',	'2',	'1'),
(31,	'solar lamps/chargers',	10,	'units',	'2',	'10'),
(32,	'sanitary pads',	1032,	'units',	'2',	'2'),
(33,	'diapers',	163,	'box',	'2',	'2'),
(34,	'sugar',	56,	'pack',	'2',	'1'),
(35,	'blankets',	637,	'units',	'2',	'10'),
(36,	'matress',	117,	'units',	'2',	'10'),
(37,	'milk feeding bottles',	7,	'bottle',	'2',	'2'),
(38,	'medicine - surgical',	20,	'units',	'2',	'9'),
(39,	'children milk',	1,	'pack',	'2',	'2'),
(40,	'phenyl',	2,	'bottle',	'2',	'10');

DROP TABLE IF EXISTS `item_category`;
CREATE TABLE `item_category` (
  `item_cat_id` int(100) NOT NULL AUTO_INCREMENT,
  `item_cat_name` varchar(100) NOT NULL,
  PRIMARY KEY (`item_cat_id`)
) ENGINE=InnoDB DEFAULT CHARSET=utf8;

TRUNCATE `item_category`;
INSERT INTO `item_category` (`item_cat_id`, `item_cat_name`) VALUES
(1,	'Food'),
(2,	'Sanitation'),
(3,	'Shelter'),
(4,	'Medicine'),
(6,	'Clothes'),
(8,	'Tool and Utensils'),
(9,	'medicine)'),
(10,	'shelter)');

DROP TABLE IF EXISTS `item_cluster`;
CREATE TABLE `item_cluster` (
  `item_cluster_id` int(11) NOT NULL AUTO_INCREMENT,
  `item_id` int(100) NOT NULL,
  `cluster_item_qty` int(11) NOT NULL,
  `item_name` varchar(200) NOT NULL,
  `pkg_id` varchar(20) NOT NULL,
  PRIMARY KEY (`item_cluster_id`)
) ENGINE=InnoDB DEFAULT CHARSET=utf8;

TRUNCATE `item_cluster`;
INSERT INTO `item_cluster` (`item_cluster_id`, `item_id`, `cluster_item_qty`, `item_name`, `pkg_id`) VALUES
(1,	1,	1,	'rice',	'MISSION 1/5 *10'),
(2,	2,	1,	'medicine - supplies',	'MISSION 1/5 *10'),
(3,	3,	1,	'piyush',	'MISSION 1/5 *10'),
(4,	4,	700,	'medicine - drug',	'MISSION 1/5 *11'),
(5,	5,	24,	'medicine - rehydration',	'MISSION 1/5 *11'),
(6,	6,	6,	'beaten rice',	'MISSION 1/5 *12'),
(7,	7,	5,	'biscuits',	'MISSION 1/5 *12'),
(8,	8,	2,	'noodles',	'MISSION 1/5 *12'),
(9,	9,	1,	'medical kit',	'MISSION 1/5 *12'),
(10,	5,	75,	'medicine - rehydration',	'MISSION 1/5 *12'),
(11,	3,	1,	'piyush',	'MISSION 1/5 *12'),
(12,	10,	6,	'lime',	'MISSION 1/5 *12'),
(13,	11,	17,	'tarp',	'MISSION 1/5 *12'),
(14,	7,	2,	'biscuits',	'MISSION 1/5 *13'),
(15,	9,	1,	'medical kit',	'MISSION 1/5 *13'),
(16,	10,	5,	'lime',	'MISSION 1/5 *13'),
(17,	11,	14,	'tarp',	'MISSION 1/5 *13'),
(18,	11,	10,	'tarp',	'MISSION 1/5 *14'),
(19,	8,	3,	'noodles',	'MISSION 1/5 *15'),
(20,	1,	3,	'rice',	'MISSION 1/5 *15'),
(21,	9,	3,	'medical kit',	'MISSION 1/5 *15'),
(22,	11,	24,	'tarp',	'MISSION 1/5 *15'),
(23,	6,	15,	'beaten rice',	'MISSION 1/5 *2'),
(24,	7,	4,	'biscuits',	'MISSION 1/5 *2'),
(25,	8,	15,	'noodles',	'MISSION 1/5 *2'),
(26,	11,	10,	'tarp',	'MISSION 1/5 *2'),
(27,	12,	20,	'food packages',	'MISSION 1/5 *3'),
(28,	9,	1,	'medical kit',	'MISSION 1/5 *3'),
(29,	11,	10,	'tarp',	'MISSION 1/5 *4'),
(30,	11,	20,	'tarp',	'MISSION 1/5 *5'),
(31,	11,	10,	'tarp',	'MISSION 1/5 *6'),
(32,	11,	3,	'tarp',	'MISSION 1/5 *7'),
(33,	6,	1,	'beaten rice',	'MISSION 1/5 #1'),
(34,	8,	1,	'noodles',	'MISSION 1/5 #1'),
(35,	13,	48,	'water',	'MISSION 1/5 #1'),
(36,	4,	2,	'medicine - drug',	'MISSION 1/5 #10'),
(37,	2,	1,	'medicine - supplies',	'MISSION 1/5 #10'),
(38,	2,	2,	'medicine - supplies',	'MISSION 1/5 #10'),
(39,	4,	10,	'medicine - drug',	'MISSION 1/5 #10'),
(40,	2,	5,	'medicine - supplies',	'MISSION 1/5 #10'),
(41,	14,	2,	'lactogen',	'MISSION 1/5 #10'),
(42,	5,	50,	'medicine - rehydration',	'MISSION 1/5 #10'),
(43,	3,	4,	'piyush',	'MISSION 1/5 #10'),
(44,	4,	10,	'medicine - drug',	'MISSION 1/5 #10'),
(45,	11,	5,	'tarp',	'MISSION 1/5 #11'),
(46,	4,	4,	'medicine - drug',	'MISSION 1/5 #12'),
(47,	4,	15,	'medicine - drug',	'MISSION 1/5 #12'),
(48,	2,	10,	'medicine - supplies',	'MISSION 1/5 #12'),
(49,	5,	50,	'medicine - rehydration',	'MISSION 1/5 #12'),
(50,	4,	100,	'medicine - drug',	'MISSION 1/5 #12'),
(51,	4,	10,	'medicine - drug',	'MISSION 1/5 #12'),
(52,	3,	4,	'piyush',	'MISSION 1/5 #12'),
(53,	4,	4,	'medicine - drug',	'MISSION 1/5 #13'),
(54,	2,	4,	'medicine - supplies',	'MISSION 1/5 #13'),
(55,	2,	4,	'medicine - supplies',	'MISSION 1/5 #13'),
(56,	4,	100,	'medicine - drug',	'MISSION 1/5 #13'),
(57,	5,	12,	'medicine - rehydration',	'MISSION 1/5 #13'),
(58,	4,	60,	'medicine - drug',	'MISSION 1/5 #13'),
(59,	4,	100,	'medicine - drug',	'MISSION 1/5 #13'),
(60,	3,	4,	'piyush',	'MISSION 1/5 #13'),
(61,	2,	5,	'medicine - supplies',	'MISSION 1/5 #13'),
(62,	11,	20,	'tarp',	'MISSION 1/5 #13'),
(63,	11,	5,	'tarp',	'MISSION 1/5 #14'),
(64,	11,	5,	'tarp',	'MISSION 1/5 #14'),
(65,	2,	10,	'medicine - supplies',	'MISSION 1/5 #15'),
(66,	15,	7,	'rope',	'MISSION 1/5 #15'),
(67,	16,	184,	'metal pegs',	'MISSION 1/5 #15'),
(68,	17,	25,	'nylon rope',	'MISSION 1/5 #15'),
(69,	18,	1,	'plastic rolls',	'MISSION 1/5 #15'),
(70,	19,	40,	'purification tablets',	'MISSION 1/5 #15'),
(71,	7,	7,	'biscuits',	'MISSION 1/5 #16'),
(72,	4,	16,	'medicine - drug',	'MISSION 1/5 #16'),
(73,	10,	10,	'lime',	'MISSION 1/5 #16'),
(74,	8,	6,	'noodles',	'MISSION 1/5 #16'),
(75,	11,	15,	'tarp',	'MISSION 1/5 #16'),
(76,	11,	5,	'tarp',	'MISSION 1/5 #16'),
(77,	11,	22,	'tarp',	'MISSION 1/5 #16'),
(78,	7,	4,	'biscuits',	'MISSION 1/5 #17'),
(79,	11,	1,	'tarp',	'MISSION 1/5 #17'),
(80,	11,	3,	'tarp',	'MISSION 1/5 #17'),
(81,	7,	8,	'biscuits',	'MISSION 1/5 #18'),
(82,	4,	24,	'medicine - drug',	'MISSION 1/5 #18'),
(83,	10,	20,	'lime',	'MISSION 1/5 #18'),
(84,	8,	3,	'noodles',	'MISSION 1/5 #18'),
(85,	11,	15,	'tarp',	'MISSION 1/5 #18'),
(86,	11,	4,	'tarp',	'MISSION 1/5 #18'),
(87,	11,	5,	'tarp',	'MISSION 1/5 #18'),
(88,	11,	15,	'tarp',	'MISSION 1/5 #18'),
(89,	6,	2,	'beaten rice',	'MISSION 1/5 #2'),
(90,	7,	7,	'biscuits',	'MISSION 1/5 #2'),
(91,	4,	16,	'medicine - drug',	'MISSION 1/5 #2'),
(92,	10,	16,	'lime',	'MISSION 1/5 #2'),
(93,	9,	1,	'medical kit',	'MISSION 1/5 #2'),
(94,	8,	3,	'noodles',	'MISSION 1/5 #2'),
(95,	8,	3,	'noodles',	'MISSION 1/5 #2'),
(96,	11,	6,	'tarp',	'MISSION 1/5 #2'),
(97,	11,	15,	'tarp',	'MISSION 1/5 #2'),
(98,	11,	5,	'tarp',	'MISSION 1/5 #2'),
(99,	11,	24,	'tarp',	'MISSION 1/5 #2'),
(100,	2,	3,	'medicine - supplies',	'MISSION 1/5 #3'),
(101,	2,	1,	'medicine - supplies',	'MISSION 1/5 #4'),
(102,	8,	2,	'noodles',	'MISSION 1/5 #4'),
(103,	5,	20,	'medicine - rehydration',	'MISSION 1/5 #5'),
(104,	20,	7,	'feeding bottles',	'MISSION 1/5 #5'),
(105,	12,	100,	'food packages',	'MISSION 1/5 #5'),
(106,	21,	15,	'formula milk',	'MISSION 1/5 #5'),
(107,	22,	50,	'masks',	'MISSION 1/5 #5'),
(108,	2,	9,	'medicine - supplies',	'MISSION 1/5 #5'),
(109,	9,	1,	'medical kit',	'MISSION 1/5 #6'),
(110,	23,	10,	'dal',	'MISSION 1/5 #7'),
(111,	24,	1,	'food',	'MISSION 1/5 #7'),
(112,	5,	450,	'medicine - rehydration',	'MISSION 1/5 #7'),
(113,	25,	5,	'oil',	'MISSION 1/5 #7'),
(114,	4,	3,	'medicine - drug',	'MISSION 1/5 #7'),
(115,	1,	1,	'rice',	'MISSION 1/5 #7'),
(116,	26,	5,	'salt',	'MISSION 1/5 #7'),
(117,	7,	100,	'biscuits',	'MISSION 1/5 #8'),
(118,	27,	7,	'dalmot',	'MISSION 1/5 #8'),
(119,	24,	9,	'food',	'MISSION 1/5 #8'),
(120,	4,	30,	'medicine - drug',	'MISSION 1/5 #8'),
(121,	28,	140,	'juice',	'MISSION 1/5 #8'),
(122,	29,	28,	'lito- baby food',	'MISSION 1/5 #8'),
(123,	8,	270,	'noodles',	'MISSION 1/5 #8'),
(124,	2,	1,	'medicine - supplies',	'MISSION 1/5 nosheet '),
(125,	4,	30,	'medicine - drug',	'MISSION 1/5 nosheet '),
(126,	4,	1,	'medicine - drug',	'MISSION 1/5 nosheet '),
(127,	4,	80,	'medicine - drug',	'MISSION 1/5 nosheet '),
(128,	2,	2,	'medicine - supplies',	'MISSION 1/5 nosheet '),
(129,	4,	50,	'medicine - drug',	'MISSION 1/5 nosheet '),
(130,	4,	1,	'medicine - drug',	'MISSION 1/5 nosheet '),
(131,	2,	4,	'medicine - supplies',	'MISSION 1/5 nosheet '),
(132,	2,	22,	'medicine - supplies',	'MISSION 1/5 nosheet '),
(133,	2,	1,	'medicine - supplies',	'MISSION 1/5 nosheet '),
(134,	4,	30,	'medicine - drug',	'MISSION 1/5 nosheet '),
(135,	4,	1,	'medicine - drug',	'MISSION 1/5 nosheet '),
(136,	4,	80,	'medicine - drug',	'MISSION 1/5 nosheet '),
(137,	2,	2,	'medicine - supplies',	'MISSION 1/5 nosheet '),
(138,	4,	50,	'medicine - drug',	'MISSION 1/5 nosheet '),
(139,	4,	1,	'medicine - drug',	'MISSION 1/5 nosheet '),
(140,	2,	4,	'medicine - supplies',	'MISSION 1/5 nosheet '),
(141,	2,	22,	'medicine - supplies',	'MISSION 1/5 nosheet '),
(142,	4,	4,	'medicine - drug',	'MISSION 1/5 nosheet '),
(143,	2,	1,	'medicine - supplies',	'MISSION 1/5 nosheet '),
(144,	2,	4,	'medicine - supplies',	'MISSION 1/5 nosheet '),
(145,	2,	4,	'medicine - supplies',	'MISSION 1/5 nosheet '),
(146,	4,	100,	'medicine - drug',	'MISSION 1/5 nosheet '),
(147,	5,	3,	'medicine - rehydration',	'MISSION 1/5 nosheet '),
(148,	4,	6,	'medicine - drug',	'MISSION 1/5 nosheet '),
(149,	4,	100,	'medicine - drug',	'MISSION 1/5 nosheet '),
(150,	3,	4,	'piyush',	'MISSION 1/5 nosheet '),
(151,	18,	1,	'plastic rolls',	'MISSION 1/5 nosheet '),
(152,	2,	5,	'medicine - supplies',	'MISSION 1/5 nosheet '),
(153,	2,	1,	'medicine - supplies',	'MISSION 1/5 nosheet '),
(154,	2,	24,	'medicine - supplies',	'MISSION 1/5 nosheet '),
(155,	4,	50,	'medicine - drug',	'MISSION 1/5 nosheet '),
(156,	2,	1,	'medicine - supplies',	'MISSION 1/5 nosheet '),
(157,	2,	10,	'medicine - supplies',	'MISSION 1/5 nosheet '),
(158,	22,	1,	'masks',	'MISSION 1/5 nosheet '),
(159,	4,	20,	'medicine - drug',	'MISSION 1/5 nosheet '),
(160,	4,	100,	'medicine - drug',	'MISSION 1/5 nosheet '),
(161,	4,	50,	'medicine - drug',	'MISSION 1/5 nosheet '),
(162,	2,	4,	'medicine - supplies',	'MISSION 1/5 nosheet '),
(163,	4,	2,	'medicine - drug',	'MISSION 1/5 nosheet '),
(164,	2,	3,	'medicine - supplies',	'MISSION 1/5 nosheet '),
(165,	4,	100,	'medicine - drug',	'MISSION 1/5 nosheet '),
(166,	4,	3,	'medicine - drug',	'MISSION 1/5 nosheet '),
(167,	5,	3,	'medicine - rehydration',	'MISSION 1/5 nosheet '),
(168,	2,	2,	'medicine - supplies',	'MISSION 1/5 nosheet '),
(169,	4,	4,	'medicine - drug',	'MISSION 1/5 nosheet '),
(170,	2,	1,	'medicine - supplies',	'MISSION 1/5 nosheet '),
(171,	2,	4,	'medicine - supplies',	'MISSION 1/5 nosheet '),
(172,	4,	15,	'medicine - drug',	'MISSION 1/5 nosheet '),
(173,	2,	4,	'medicine - supplies',	'MISSION 1/5 nosheet '),
(174,	4,	100,	'medicine - drug',	'MISSION 1/5 nosheet '),
(175,	8,	43,	'noodles',	'MISSION 1/5 nosheet '),
(176,	5,	3,	'medicine - rehydration',	'MISSION 1/5 nosheet '),
(177,	4,	100,	'medicine - drug',	'MISSION 1/5 nosheet '),
(178,	4,	40,	'medicine - drug',	'MISSION 1/5 nosheet '),
(179,	3,	9,	'piyush',	'MISSION 1/5 nosheet '),
(180,	2,	5,	'medicine - supplies',	'MISSION 1/5 nosheet '),
(181,	11,	25,	'tarp',	'MISSION 1/5 nosheet '),
(182,	4,	4,	'medicine - drug',	'MISSION 1/5 nosheet '),
(183,	2,	1,	'medicine - supplies',	'MISSION 1/5 nosheet '),
(184,	2,	4,	'medicine - supplies',	'MISSION 1/5 nosheet '),
(185,	4,	75,	'medicine - drug',	'MISSION 1/5 nosheet '),
(186,	2,	4,	'medicine - supplies',	'MISSION 1/5 nosheet '),
(187,	2,	4,	'medicine - supplies',	'MISSION 1/5 nosheet '),
(188,	16,	32,	'metal pegs',	'MISSION 1/5 nosheet '),
(189,	4,	100,	'medicine - drug',	'MISSION 1/5 nosheet '),
(190,	17,	4,	'nylon rope',	'MISSION 1/5 nosheet '),
(191,	5,	3,	'medicine - rehydration',	'MISSION 1/5 nosheet '),
(192,	4,	100,	'medicine - drug',	'MISSION 1/5 nosheet '),
(193,	3,	4,	'piyush',	'MISSION 1/5 nosheet '),
(194,	18,	1,	'plastic rolls',	'MISSION 1/5 nosheet '),
(195,	2,	5,	'medicine - supplies',	'MISSION 1/5 nosheet '),
(196,	4,	50,	'medicine - drug',	'MISSION 1/5 nosheet '),
(197,	6,	1,	'beaten rice',	'MISSION 1/5 nosheet '),
(198,	4,	4,	'medicine - drug',	'MISSION 1/5 nosheet '),
(199,	7,	3,	'biscuits',	'MISSION 1/5 nosheet '),
(200,	2,	1,	'medicine - supplies',	'MISSION 1/5 nosheet '),
(201,	2,	4,	'medicine - supplies',	'MISSION 1/5 nosheet '),
(202,	2,	8,	'medicine - supplies',	'MISSION 1/5 nosheet '),
(203,	2,	4,	'medicine - supplies',	'MISSION 1/5 nosheet '),
(204,	16,	64,	'metal pegs',	'MISSION 1/5 nosheet '),
(205,	4,	100,	'medicine - drug',	'MISSION 1/5 nosheet '),
(206,	8,	2,	'noodles',	'MISSION 1/5 nosheet '),
(207,	5,	3,	'medicine - rehydration',	'MISSION 1/5 nosheet '),
(208,	30,	80,	'pasta',	'MISSION 1/5 nosheet '),
(209,	4,	100,	'medicine - drug',	'MISSION 1/5 nosheet '),
(210,	3,	4,	'piyush',	'MISSION 1/5 nosheet '),
(211,	15,	8,	'rope',	'MISSION 1/5 nosheet '),
(212,	2,	5,	'medicine - supplies',	'MISSION 1/5 nosheet '),
(213,	7,	10,	'biscuits',	'MISSION 1/5 nosheet '),
(214,	4,	24,	'medicine - drug',	'MISSION 1/5 nosheet '),
(215,	10,	20,	'lime',	'MISSION 1/5 nosheet '),
(216,	8,	4,	'noodles',	'MISSION 1/5 nosheet '),
(217,	11,	45,	'tarp',	'MISSION 1/5 nosheet '),
(218,	11,	15,	'tarp',	'MISSION 1/5 nosheet '),
(219,	6,	1,	'beaten rice',	'MISSION 1/5 nosheet '),
(220,	4,	4,	'medicine - drug',	'MISSION 1/5 nosheet '),
(221,	7,	3,	'biscuits',	'MISSION 1/5 nosheet '),
(222,	2,	1,	'medicine - supplies',	'MISSION 1/5 nosheet '),
(223,	2,	1,	'medicine - supplies',	'MISSION 1/5 nosheet '),
(224,	2,	5,	'medicine - supplies',	'MISSION 1/5 nosheet '),
(225,	2,	18,	'medicine - supplies',	'MISSION 1/5 nosheet '),
(226,	4,	100,	'medicine - drug',	'MISSION 1/5 nosheet '),
(227,	16,	40,	'metal pegs',	'MISSION 1/5 nosheet '),
(228,	4,	100,	'medicine - drug',	'MISSION 1/5 nosheet '),
(229,	8,	2,	'noodles',	'MISSION 1/5 nosheet '),
(230,	5,	36,	'medicine - rehydration',	'MISSION 1/5 nosheet '),
(231,	4,	100,	'medicine - drug',	'MISSION 1/5 nosheet '),
(232,	3,	4,	'piyush',	'MISSION 1/5 nosheet '),
(233,	18,	1,	'plastic rolls',	'MISSION 1/5 nosheet '),
(234,	15,	5,	'rope',	'MISSION 1/5 nosheet '),
(235,	2,	5,	'medicine - supplies',	'MISSION 1/5 nosheet '),
(236,	4,	4,	'medicine - drug',	'MISSION 1/5 nosheet '),
(237,	4,	105,	'medicine - drug',	'MISSION 1/5 nosheet '),
(238,	2,	1,	'medicine - supplies',	'MISSION 1/5 nosheet '),
(239,	2,	1,	'medicine - supplies',	'MISSION 1/5 nosheet '),
(240,	2,	12,	'medicine - supplies',	'MISSION 1/5 nosheet '),
(241,	4,	100,	'medicine - drug',	'MISSION 1/5 nosheet '),
(242,	5,	36,	'medicine - rehydration',	'MISSION 1/5 nosheet '),
(243,	4,	100,	'medicine - drug',	'MISSION 1/5 nosheet '),
(244,	3,	4,	'piyush',	'MISSION 1/5 nosheet '),
(245,	2,	5,	'medicine - supplies',	'MISSION 1/5 nosheet '),
(246,	11,	400,	'tarp',	'MISSION 10/5 *1'),
(247,	9,	1,	'medical kit',	'MISSION 10/5 *1'),
(248,	19,	100,	'purification tablets',	'MISSION 10/5 *1'),
(249,	31,	4,	'solar lamps/chargers',	'MISSION 10/5 *1'),
(250,	32,	24,	'sanitary pads',	'MISSION 10/5 *2'),
(251,	11,	80,	'tarp',	'MISSION 10/5 *3'),
(252,	1,	12,	'rice',	'MISSION 10/5 *3'),
(253,	23,	50,	'dal',	'MISSION 10/5 *3'),
(254,	26,	15,	'salt',	'MISSION 10/5 *3'),
(255,	10,	10,	'lime',	'MISSION 10/5 *3'),
(256,	9,	3,	'medical kit',	'MISSION 10/5 *3'),
(257,	6,	10,	'beaten rice',	'MISSION 10/5 *3'),
(258,	31,	2,	'solar lamps/chargers',	'MISSION 10/5 *3'),
(259,	8,	1,	'noodles',	'MISSION 10/5 *3'),
(260,	5,	5,	'medicine - rehydration',	'MISSION 10/5 *3'),
(261,	32,	20,	'sanitary pads',	'MISSION 10/5 *3'),
(262,	19,	100,	'purification tablets',	'MISSION 10/5 *3'),
(263,	29,	5,	'lito- baby food',	'MISSION 10/5 *3'),
(264,	11,	40,	'tarp',	'MISSION 10/5 *4'),
(265,	1,	4,	'rice',	'MISSION 10/5 *4'),
(266,	5,	100,	'medicine - rehydration',	'MISSION 10/5 *4'),
(267,	9,	2,	'medical kit',	'MISSION 10/5 *5'),
(268,	11,	3,	'tarp',	'MISSION 10/5 *6'),
(269,	5,	7,	'medicine - rehydration',	'MISSION 11/5 *1'),
(270,	33,	1,	'diapers',	'MISSION 11/5 *1'),
(271,	2,	5,	'medicine - supplies',	'MISSION 11/5 *1'),
(272,	9,	1,	'medical kit',	'MISSION 11/5 *1'),
(273,	1,	2,	'rice',	'MISSION 11/5 *2'),
(274,	23,	13,	'dal',	'MISSION 11/5 *2'),
(275,	8,	5,	'noodles',	'MISSION 11/5 *2'),
(276,	7,	3,	'biscuits',	'MISSION 11/5 *2'),
(277,	26,	25,	'salt',	'MISSION 11/5 *3'),
(278,	6,	1,	'beaten rice',	'MISSION 2/5 *1'),
(279,	7,	10,	'biscuits',	'MISSION 2/5 *1'),
(280,	8,	2,	'noodles',	'MISSION 2/5 *1'),
(281,	4,	20,	'medicine - drug',	'MISSION 2/5 *1'),
(282,	5,	100,	'medicine - rehydration',	'MISSION 2/5 *1'),
(283,	2,	72,	'medicine - supplies',	'MISSION 2/5 *1'),
(284,	18,	1,	'plastic rolls',	'MISSION 2/5 *1'),
(285,	11,	57,	'tarp',	'MISSION 2/5 *1'),
(286,	11,	11,	'tarp',	'MISSION 2/5 *1'),
(287,	7,	10,	'biscuits',	'MISSION 2/5 *10'),
(288,	8,	3,	'noodles',	'MISSION 2/5 *10'),
(289,	34,	51,	'sugar',	'MISSION 2/5 *10'),
(290,	4,	180,	'medicine - drug',	'MISSION 2/5 *10'),
(291,	5,	50,	'medicine - rehydration',	'MISSION 2/5 *10'),
(292,	2,	72,	'medicine - supplies',	'MISSION 2/5 *10'),
(293,	19,	500,	'purification tablets',	'MISSION 2/5 *10'),
(294,	5,	3,	'medicine - rehydration',	'MISSION 2/5 *11'),
(295,	6,	1,	'beaten rice',	'MISSION 2/5 *12'),
(296,	7,	5,	'biscuits',	'MISSION 2/5 *12'),
(297,	8,	2,	'noodles',	'MISSION 2/5 *12'),
(298,	2,	3,	'medicine - supplies',	'MISSION 2/5 *12'),
(299,	10,	10,	'lime',	'MISSION 2/5 *12'),
(300,	6,	1,	'beaten rice',	'MISSION 2/5 *13'),
(301,	7,	1,	'biscuits',	'MISSION 2/5 *13'),
(302,	32,	8,	'sanitary pads',	'MISSION 2/5 *13'),
(303,	3,	5,	'piyush',	'MISSION 2/5 *13'),
(304,	5,	36,	'medicine - rehydration',	'MISSION 2/5 *14'),
(305,	2,	25,	'medicine - supplies',	'MISSION 2/5 *14'),
(306,	32,	15,	'sanitary pads',	'MISSION 2/5 *14'),
(307,	3,	10,	'piyush',	'MISSION 2/5 *14'),
(308,	6,	4,	'beaten rice',	'MISSION 2/5 *15'),
(309,	7,	6,	'biscuits',	'MISSION 2/5 *15'),
(310,	8,	6,	'noodles',	'MISSION 2/5 *15'),
(311,	9,	2,	'medical kit',	'MISSION 2/5 *15'),
(312,	5,	150,	'medicine - rehydration',	'MISSION 2/5 *15'),
(313,	2,	144,	'medicine - supplies',	'MISSION 2/5 *15'),
(314,	18,	23,	'plastic rolls',	'MISSION 2/5 *15'),
(315,	15,	90,	'rope',	'MISSION 2/5 *15'),
(316,	11,	110,	'tarp',	'MISSION 2/5 *15'),
(317,	7,	5,	'biscuits',	'MISSION 2/5 *16'),
(318,	8,	3,	'noodles',	'MISSION 2/5 *16'),
(319,	4,	340,	'medicine - drug',	'MISSION 2/5 *16'),
(320,	7,	4,	'biscuits',	'MISSION 2/5 *17'),
(321,	24,	10,	'food',	'MISSION 2/5 *17'),
(322,	1,	2,	'rice',	'MISSION 2/5 *17'),
(323,	5,	50,	'medicine - rehydration',	'MISSION 2/5 *17'),
(324,	2,	500,	'medicine - supplies',	'MISSION 2/5 *17'),
(325,	10,	4,	'lime',	'MISSION 2/5 *17'),
(326,	32,	75,	'sanitary pads',	'MISSION 2/5 *18'),
(327,	32,	35,	'sanitary pads',	'MISSION 2/5 *19'),
(328,	6,	1,	'beaten rice',	'MISSION 2/5 *2'),
(329,	7,	2,	'biscuits',	'MISSION 2/5 *2'),
(330,	9,	1,	'medical kit',	'MISSION 2/5 *2'),
(331,	5,	50,	'medicine - rehydration',	'MISSION 2/5 *2'),
(332,	3,	3,	'piyush',	'MISSION 2/5 *2'),
(333,	10,	12,	'lime',	'MISSION 2/5 *2'),
(334,	18,	1,	'plastic rolls',	'MISSION 2/5 *2'),
(335,	11,	7,	'tarp',	'MISSION 2/5 *2'),
(336,	11,	3,	'tarp',	'MISSION 2/5 *2'),
(337,	9,	1,	'medical kit',	'MISSION 2/5 *20'),
(338,	32,	12,	'sanitary pads',	'MISSION 2/5 *20'),
(339,	3,	4,	'piyush',	'MISSION 2/5 *20'),
(340,	9,	1,	'medical kit',	'MISSION 2/5 *21'),
(341,	5,	260,	'medicine - rehydration',	'MISSION 2/5 *21'),
(342,	22,	3,	'masks',	'MISSION 2/5 *21'),
(343,	32,	12,	'sanitary pads',	'MISSION 2/5 *21'),
(344,	3,	15,	'piyush',	'MISSION 2/5 *21'),
(345,	6,	8,	'beaten rice',	'MISSION 2/5 *3'),
(346,	7,	12,	'biscuits',	'MISSION 2/5 *3'),
(347,	8,	12,	'noodles',	'MISSION 2/5 *3'),
(348,	9,	3,	'medical kit',	'MISSION 2/5 *3'),
(349,	2,	72,	'medicine - supplies',	'MISSION 2/5 *3'),
(350,	10,	11,	'lime',	'MISSION 2/5 *3'),
(351,	15,	85,	'rope',	'MISSION 2/5 *3'),
(352,	11,	85,	'tarp',	'MISSION 2/5 *3'),
(353,	6,	4,	'beaten rice',	'MISSION 2/5 *4'),
(354,	7,	6,	'biscuits',	'MISSION 2/5 *4'),
(355,	8,	6,	'noodles',	'MISSION 2/5 *4'),
(356,	9,	2,	'medical kit',	'MISSION 2/5 *4'),
(357,	5,	50,	'medicine - rehydration',	'MISSION 2/5 *4'),
(358,	2,	72,	'medicine - supplies',	'MISSION 2/5 *4'),
(359,	11,	70,	'tarp',	'MISSION 2/5 *4'),
(360,	11,	1,	'tarp',	'MISSION 2/5 *5'),
(361,	9,	1,	'medical kit',	'MISSION 2/5 *6'),
(362,	2,	20,	'medicine - supplies',	'MISSION 2/5 *6'),
(363,	9,	1,	'medical kit',	'MISSION 2/5 *7'),
(364,	5,	200,	'medicine - rehydration',	'MISSION 2/5 *7'),
(365,	3,	4,	'piyush',	'MISSION 2/5 *7'),
(366,	6,	2,	'beaten rice',	'MISSION 2/5 *8'),
(367,	8,	4,	'noodles',	'MISSION 2/5 *8'),
(368,	9,	1,	'medical kit',	'MISSION 2/5 *8'),
(369,	2,	90,	'medicine - supplies',	'MISSION 2/5 *8'),
(370,	6,	12,	'beaten rice',	'MISSION 2/5 *9'),
(371,	8,	5,	'noodles',	'MISSION 29/4 *1'),
(372,	5,	1,	'medicine - rehydration',	'MISSION 29/4 *1'),
(373,	3,	1,	'piyush',	'MISSION 29/4 *1'),
(374,	11,	8,	'tarp',	'MISSION 29/4 *1'),
(375,	11,	5,	'tarp',	'MISSION 29/4 *2'),
(376,	11,	4,	'tarp',	'MISSION 29/4 *3'),
(377,	5,	20,	'medicine - rehydration',	'MISSION 29/4 *4'),
(378,	11,	20,	'tarp',	'MISSION 29/4 *4'),
(379,	9,	1,	'medical kit',	'MISSION 29/4 *5'),
(380,	11,	7,	'tarp',	'MISSION 29/4 *5'),
(381,	7,	1,	'biscuits',	'MISSION 3/5 *1'),
(382,	27,	2,	'dalmot',	'MISSION 3/5 *1'),
(383,	8,	1,	'noodles',	'MISSION 3/5 *1'),
(384,	11,	1,	'tarp',	'MISSION 3/5 *1'),
(385,	9,	1,	'medical kit',	'MISSION 3/5 *10'),
(386,	5,	100,	'medicine - rehydration',	'MISSION 3/5 *10'),
(387,	2,	72,	'medicine - supplies',	'MISSION 3/5 *10'),
(388,	32,	60,	'sanitary pads',	'MISSION 3/5 *10'),
(389,	3,	3,	'piyush',	'MISSION 3/5 *10'),
(390,	19,	150,	'purification tablets',	'MISSION 3/5 *10'),
(391,	35,	10,	'blankets',	'MISSION 3/5 *10'),
(392,	13,	4,	'water',	'MISSION 3/5 *11'),
(393,	7,	6,	'biscuits',	'MISSION 3/5 *11'),
(394,	8,	2,	'noodles',	'MISSION 3/5 *11'),
(395,	1,	1,	'rice',	'MISSION 3/5 *11'),
(396,	9,	1,	'medical kit',	'MISSION 3/5 *11'),
(397,	5,	24,	'medicine - rehydration',	'MISSION 3/5 *11'),
(398,	2,	1,	'medicine - supplies',	'MISSION 3/5 *11'),
(399,	32,	72,	'sanitary pads',	'MISSION 3/5 *11'),
(400,	10,	8,	'lime',	'MISSION 3/5 *11'),
(401,	18,	5,	'plastic rolls',	'MISSION 3/5 *11'),
(402,	9,	1,	'medical kit',	'MISSION 3/5 *12'),
(403,	33,	120,	'diapers',	'MISSION 3/5 *12'),
(404,	2,	5,	'medicine - supplies',	'MISSION 3/5 *12'),
(405,	3,	10,	'piyush',	'MISSION 3/5 *12'),
(406,	7,	5,	'biscuits',	'MISSION 3/5 *13'),
(407,	8,	2,	'noodles',	'MISSION 3/5 *13'),
(408,	1,	1,	'rice',	'MISSION 3/5 *13'),
(409,	26,	5,	'salt',	'MISSION 3/5 *13'),
(410,	32,	15,	'sanitary pads',	'MISSION 3/5 *13'),
(411,	6,	1,	'beaten rice',	'MISSION 3/5 *14'),
(412,	7,	5,	'biscuits',	'MISSION 3/5 *14'),
(413,	8,	2,	'noodles',	'MISSION 3/5 *14'),
(414,	1,	1,	'rice',	'MISSION 3/5 *14'),
(415,	26,	3,	'salt',	'MISSION 3/5 *14'),
(416,	9,	1,	'medical kit',	'MISSION 3/5 *14'),
(417,	32,	60,	'sanitary pads',	'MISSION 3/5 *14'),
(418,	10,	5,	'lime',	'MISSION 3/5 *14'),
(419,	11,	10,	'tarp',	'MISSION 3/5 *14'),
(420,	5,	200,	'medicine - rehydration',	'MISSION 3/5 *15'),
(421,	7,	4,	'biscuits',	'MISSION 3/5 *16'),
(422,	8,	2,	'noodles',	'MISSION 3/5 *16'),
(423,	9,	1,	'medical kit',	'MISSION 3/5 *16'),
(424,	2,	10,	'medicine - supplies',	'MISSION 3/5 *16'),
(425,	5,	50,	'medicine - rehydration',	'MISSION 3/5 *17'),
(426,	19,	100,	'purification tablets',	'MISSION 3/5 *17'),
(427,	7,	5,	'biscuits',	'MISSION 3/5 *18'),
(428,	8,	2,	'noodles',	'MISSION 3/5 *18'),
(429,	10,	5,	'lime',	'MISSION 3/5 *18'),
(430,	7,	1,	'biscuits',	'MISSION 3/5 *19'),
(431,	8,	1,	'noodles',	'MISSION 3/5 *19'),
(432,	35,	3,	'blankets',	'MISSION 3/5 *19'),
(433,	18,	4,	'plastic rolls',	'MISSION 3/5 *19'),
(434,	8,	4,	'noodles',	'MISSION 3/5 *2'),
(435,	9,	1,	'medical kit',	'MISSION 3/5 *2'),
(436,	3,	1,	'piyush',	'MISSION 3/5 *2'),
(437,	11,	25,	'tarp',	'MISSION 3/5 *2'),
(438,	35,	50,	'blankets',	'MISSION 3/5 *20'),
(439,	6,	4,	'beaten rice',	'MISSION 3/5 *21'),
(440,	7,	6,	'biscuits',	'MISSION 3/5 *21'),
(441,	8,	4,	'noodles',	'MISSION 3/5 *21'),
(442,	1,	2,	'rice',	'MISSION 3/5 *21'),
(443,	6,	5,	'beaten rice',	'MISSION 3/5 *22'),
(444,	7,	6,	'biscuits',	'MISSION 3/5 *22'),
(445,	8,	4,	'noodles',	'MISSION 3/5 *22'),
(446,	10,	5,	'lime',	'MISSION 3/5 *22'),
(447,	15,	2,	'rope',	'MISSION 3/5 *22'),
(448,	11,	68,	'tarp',	'MISSION 3/5 *22'),
(449,	7,	5,	'biscuits',	'MISSION 3/5 *23'),
(450,	8,	3,	'noodles',	'MISSION 3/5 *23'),
(451,	2,	10,	'medicine - supplies',	'MISSION 3/5 *23'),
(452,	11,	7,	'tarp',	'MISSION 3/5 *3'),
(453,	11,	13,	'tarp',	'MISSION 3/5 *4'),
(454,	11,	12,	'tarp',	'MISSION 3/5 *5'),
(455,	6,	9,	'beaten rice',	'MISSION 3/5 *6'),
(456,	36,	12,	'matress',	'MISSION 3/5 *6'),
(457,	13,	1,	'water',	'MISSION 3/5 *7'),
(458,	7,	6,	'biscuits',	'MISSION 3/5 *7'),
(459,	23,	1,	'dal',	'MISSION 3/5 *7'),
(460,	8,	216,	'noodles',	'MISSION 3/5 *7'),
(461,	1,	1,	'rice',	'MISSION 3/5 *7'),
(462,	6,	1,	'beaten rice',	'MISSION 3/5 *8'),
(463,	7,	6,	'biscuits',	'MISSION 3/5 *8'),
(464,	8,	1,	'noodles',	'MISSION 3/5 *8'),
(465,	1,	1,	'rice',	'MISSION 3/5 *8'),
(466,	9,	1,	'medical kit',	'MISSION 3/5 *8'),
(467,	5,	200,	'medicine - rehydration',	'MISSION 3/5 *8'),
(468,	18,	4,	'plastic rolls',	'MISSION 3/5 *8'),
(469,	11,	2,	'tarp',	'MISSION 3/5 *9'),
(470,	11,	20,	'tarp',	'MISSION 30/4 *1'),
(471,	6,	2,	'beaten rice',	'MISSION 30/4 *2'),
(472,	7,	1,	'biscuits',	'MISSION 30/4 *2'),
(473,	8,	1,	'noodles',	'MISSION 30/4 *2'),
(474,	1,	1,	'rice',	'MISSION 30/4 *2'),
(475,	4,	1,	'medicine - drug',	'MISSION 30/4 *2'),
(476,	11,	21,	'tarp',	'MISSION 30/4 *2'),
(477,	2,	2,	'medicine - supplies',	'MISSION 30/4 nosheet'),
(478,	2,	15,	'medicine - supplies',	'MISSION 30/4 nosheet'),
(479,	2,	3,	'medicine - supplies',	'MISSION 30/4 nosheet'),
(480,	4,	50,	'medicine - drug',	'MISSION 30/4 nosheet'),
(481,	2,	1,	'medicine - supplies',	'MISSION 30/4 nosheet'),
(482,	4,	30,	'medicine - drug',	'MISSION 30/4 nosheet'),
(483,	2,	32,	'medicine - supplies',	'MISSION 30/4 nosheet'),
(484,	4,	3,	'medicine - drug',	'MISSION 30/4 nosheet'),
(485,	4,	20,	'medicine - drug',	'MISSION 30/4 nosheet'),
(486,	4,	40,	'medicine - drug',	'MISSION 30/4 nosheet'),
(487,	2,	37,	'medicine - supplies',	'MISSION 30/4 nosheet'),
(488,	5,	24,	'medicine - rehydration',	'MISSION 30/4 nosheet'),
(489,	4,	6,	'medicine - drug',	'MISSION 30/4 nosheet'),
(490,	2,	1,	'medicine - supplies',	'MISSION 30/4 nosheet'),
(491,	2,	5,	'medicine - supplies',	'MISSION 30/4 nosheet'),
(492,	4,	20,	'medicine - drug',	'MISSION 30/4 nosheet'),
(493,	5,	1,	'medicine - rehydration',	'MISSION 30/4 nosheet'),
(494,	4,	100,	'medicine - drug',	'MISSION 30/4 nosheet'),
(495,	4,	30,	'medicine - drug',	'MISSION 30/4 nosheet'),
(496,	4,	40,	'medicine - drug',	'MISSION 30/4 nosheet'),
(497,	4,	50,	'medicine - drug',	'MISSION 30/4 nosheet'),
(498,	4,	3,	'medicine - drug',	'MISSION 30/4 nosheet'),
(499,	4,	2,	'medicine - drug',	'MISSION 30/4 nosheet'),
(500,	3,	7,	'piyush',	'MISSION 30/4 nosheet'),
(501,	4,	3,	'medicine - drug',	'MISSION 30/4 nosheet'),
(502,	2,	21,	'medicine - supplies',	'MISSION 30/4 nosheet'),
(503,	4,	1,	'medicine - drug',	'MISSION 30/4 nosheet'),
(504,	4,	5,	'medicine - drug',	'MISSION 30/4 nosheet'),
(505,	2,	24,	'medicine - supplies',	'MISSION 30/4 nosheet'),
(506,	4,	6,	'medicine - drug',	'MISSION 30/4 nosheet'),
(507,	4,	20,	'medicine - drug',	'MISSION 30/4 nosheet'),
(508,	2,	24,	'medicine - supplies',	'MISSION 30/4 nosheet'),
(509,	2,	2,	'medicine - supplies',	'MISSION 30/4 nosheet'),
(510,	5,	50,	'medicine - rehydration',	'MISSION 30/4 nosheet'),
(511,	22,	40,	'masks',	'MISSION 30/4 nosheet'),
(512,	4,	200,	'medicine - drug',	'MISSION 30/4 nosheet'),
(513,	4,	10,	'medicine - drug',	'MISSION 30/4 nosheet'),
(514,	4,	146,	'medicine - drug',	'MISSION 30/4 nosheet'),
(515,	2,	20,	'medicine - supplies',	'MISSION 30/4 nosheet'),
(516,	6,	5,	'beaten rice',	'MISSION 30/4 nosheet'),
(517,	7,	10,	'biscuits',	'MISSION 30/4 nosheet'),
(518,	5,	1,	'medicine - rehydration',	'MISSION 30/4 nosheet'),
(519,	8,	7,	'noodles',	'MISSION 30/4 nosheet'),
(520,	4,	80,	'medicine - drug',	'MISSION 30/4 nosheet'),
(521,	3,	8,	'piyush',	'MISSION 30/4 nosheet'),
(522,	2,	5,	'medicine - supplies',	'MISSION 30/4 nosheet'),
(523,	5,	4,	'medicine - rehydration',	'MISSION 30/4 nosheet'),
(524,	4,	30,	'medicine - drug',	'MISSION 30/4 nosheet'),
(525,	2,	1,	'medicine - supplies',	'MISSION 30/4 nosheet'),
(526,	2,	10,	'medicine - supplies',	'MISSION 30/4 nosheet'),
(527,	4,	3,	'medicine - drug',	'MISSION 30/4 nosheet'),
(528,	2,	2,	'medicine - supplies',	'MISSION 30/4 nosheet'),
(529,	2,	4,	'medicine - supplies',	'MISSION 30/4 nosheet'),
(530,	4,	2,	'medicine - drug',	'MISSION 30/4 nosheet'),
(531,	2,	10,	'medicine - supplies',	'MISSION 30/4 nosheet'),
(532,	2,	60,	'medicine - supplies',	'MISSION 30/4 nosheet'),
(533,	5,	20,	'medicine - rehydration',	'MISSION 30/4 nosheet'),
(534,	22,	20,	'masks',	'MISSION 30/4 nosheet'),
(535,	4,	50,	'medicine - drug',	'MISSION 30/4 nosheet'),
(536,	4,	12,	'medicine - drug',	'MISSION 30/4 nosheet'),
(537,	2,	2,	'medicine - supplies',	'MISSION 30/4 nosheet'),
(538,	4,	130,	'medicine - drug',	'MISSION 30/4 nosheet'),
(539,	3,	10,	'piyush',	'MISSION 30/4 nosheet'),
(540,	4,	80,	'medicine - drug',	'MISSION 30/4 nosheet'),
(541,	2,	6,	'medicine - supplies',	'MISSION 30/4 nosheet'),
(542,	4,	1,	'medicine - drug',	'MISSION 30/4 nosheet'),
(543,	3,	3,	'piyush',	'MISSION 30/4 nosheet'),
(544,	2,	30,	'medicine - supplies',	'MISSION 30/4 nosheet'),
(545,	7,	24,	'biscuits',	'MISSION 30/4 nosheet'),
(546,	28,	1,	'juice',	'MISSION 30/4 nosheet'),
(547,	13,	11,	'water',	'MISSION 30/4 nosheet'),
(548,	5,	13,	'medicine - rehydration',	'MISSION 30/4 nosheet'),
(549,	11,	1,	'tarp',	'MISSION 30/4 nosheet'),
(550,	2,	4,	'medicine - supplies',	'MISSION 30/4 nosheet'),
(551,	6,	1,	'beaten rice',	'MISSION 30/4 nosheet'),
(552,	4,	1,	'medicine - drug',	'MISSION 30/4 nosheet'),
(553,	5,	50,	'medicine - rehydration',	'MISSION 30/4 nosheet'),
(554,	4,	400,	'medicine - drug',	'MISSION 30/4 nosheet'),
(555,	4,	10,	'medicine - drug',	'MISSION 30/4 nosheet'),
(556,	8,	2,	'noodles',	'MISSION 30/4 nosheet'),
(557,	3,	10,	'piyush',	'MISSION 30/4 nosheet'),
(558,	21,	8,	'formula milk',	'MISSION 30/4 nosheet'),
(559,	37,	7,	'milk feeding bottles',	'MISSION 30/4 nosheet'),
(560,	15,	10,	'rope',	'MISSION 30/4 nosheet'),
(561,	11,	10,	'tarp',	'MISSION 30/4 nosheet'),
(562,	5,	30,	'medicine - rehydration',	'MISSION 30/4 nosheet'),
(563,	4,	5,	'medicine - drug',	'MISSION 30/4 nosheet'),
(564,	4,	6,	'medicine - drug',	'MISSION 30/4 nosheet'),
(565,	3,	4,	'piyush',	'MISSION 30/4 nosheet'),
(566,	7,	20,	'biscuits',	'MISSION 4/5 *1'),
(567,	8,	1,	'noodles',	'MISSION 4/5 *1'),
(568,	1,	1,	'rice',	'MISSION 4/5 *1'),
(569,	32,	12,	'sanitary pads',	'MISSION 4/5 *1'),
(570,	35,	1,	'blankets',	'MISSION 4/5 *1'),
(571,	11,	5,	'tarp',	'MISSION 4/5 *1'),
(572,	6,	2,	'beaten rice',	'MISSION 4/5 *10'),
(573,	23,	1,	'dal',	'MISSION 4/5 *10'),
(574,	1,	6,	'rice',	'MISSION 4/5 *10'),
(575,	2,	1920,	'medicine - supplies',	'MISSION 4/5 *10'),
(576,	35,	30,	'blankets',	'MISSION 4/5 *10'),
(577,	10,	10,	'lime',	'MISSION 4/5 *10'),
(578,	36,	50,	'matress',	'MISSION 4/5 *10'),
(579,	11,	100,	'tarp',	'MISSION 4/5 *10'),
(580,	5,	80,	'medicine - rehydration',	'MISSION 4/5 *11'),
(581,	4,	250,	'medicine - drug',	'MISSION 4/5 *12'),
(582,	33,	36,	'diapers',	'MISSION 4/5 *12'),
(583,	32,	60,	'sanitary pads',	'MISSION 4/5 *12'),
(584,	3,	5,	'piyush',	'MISSION 4/5 *12'),
(585,	35,	10,	'blankets',	'MISSION 4/5 *12'),
(586,	7,	2,	'biscuits',	'MISSION 4/5 *13'),
(587,	8,	2,	'noodles',	'MISSION 4/5 *13'),
(588,	1,	1,	'rice',	'MISSION 4/5 *13'),
(589,	9,	1,	'medical kit',	'MISSION 4/5 *13'),
(590,	5,	80,	'medicine - rehydration',	'MISSION 4/5 *13'),
(591,	3,	5,	'piyush',	'MISSION 4/5 *13'),
(592,	18,	13,	'plastic rolls',	'MISSION 4/5 *13'),
(593,	9,	1,	'medical kit',	'MISSION 4/5 *14'),
(594,	2,	36,	'medicine - supplies',	'MISSION 4/5 *14'),
(595,	35,	10,	'blankets',	'MISSION 4/5 *14'),
(596,	6,	5,	'beaten rice',	'MISSION 4/5 *2'),
(597,	7,	6,	'biscuits',	'MISSION 4/5 *2'),
(598,	23,	2,	'dal',	'MISSION 4/5 *2'),
(599,	26,	17,	'salt',	'MISSION 4/5 *2'),
(600,	2,	1160,	'medicine - supplies',	'MISSION 4/5 *2'),
(601,	35,	10,	'blankets',	'MISSION 4/5 *2'),
(602,	10,	20,	'lime',	'MISSION 4/5 *2'),
(603,	11,	121,	'tarp',	'MISSION 4/5 *2'),
(604,	9,	1,	'medical kit',	'MISSION 4/5 *3'),
(605,	5,	100,	'medicine - rehydration',	'MISSION 4/5 *3'),
(606,	3,	4,	'piyush',	'MISSION 4/5 *3'),
(607,	11,	1,	'tarp',	'MISSION 4/5 *4'),
(608,	7,	3,	'biscuits',	'MISSION 4/5 *5'),
(609,	8,	3,	'noodles',	'MISSION 4/5 *5'),
(610,	38,	20,	'medicine - surgical',	'MISSION 4/5 *5'),
(611,	22,	3,	'masks',	'MISSION 4/5 *5'),
(612,	35,	5,	'blankets',	'MISSION 4/5 *5'),
(613,	11,	4,	'tarp',	'MISSION 4/5 *5'),
(614,	7,	3,	'biscuits',	'MISSION 4/5 *6'),
(615,	8,	3,	'noodles',	'MISSION 4/5 *6'),
(616,	39,	1,	'children milk',	'MISSION 4/5 *6'),
(617,	22,	1,	'masks',	'MISSION 4/5 *6'),
(618,	35,	10,	'blankets',	'MISSION 4/5 *6'),
(619,	11,	10,	'tarp',	'MISSION 4/5 *6'),
(620,	9,	1,	'medical kit',	'MISSION 4/5 *7'),
(621,	4,	800,	'medicine - drug',	'MISSION 4/5 *7'),
(622,	5,	220,	'medicine - rehydration',	'MISSION 4/5 *7'),
(623,	22,	2,	'masks',	'MISSION 4/5 *7'),
(624,	2,	20,	'medicine - supplies',	'MISSION 4/5 *7'),
(625,	22,	1,	'masks',	'MISSION 4/5 *8'),
(626,	3,	20,	'piyush',	'MISSION 4/5 *8'),
(627,	11,	9,	'tarp',	'MISSION 4/5 *9'),
(628,	9,	1,	'medical kit',	'MISSION 5/5 * 8'),
(629,	6,	20,	'beaten rice',	'MISSION 5/5 *2'),
(630,	8,	24,	'noodles',	'MISSION 5/5 *2'),
(631,	9,	1,	'medical kit',	'MISSION 5/5 *2'),
(632,	35,	15,	'blankets',	'MISSION 5/5 *2'),
(633,	10,	15,	'lime',	'MISSION 5/5 *2'),
(634,	15,	20,	'rope',	'MISSION 5/5 *2'),
(635,	11,	50,	'tarp',	'MISSION 5/5 *2'),
(636,	7,	7,	'biscuits',	'MISSION 5/5 *3'),
(637,	8,	3,	'noodles',	'MISSION 5/5 *3'),
(638,	33,	4,	'diapers',	'MISSION 5/5 *3'),
(639,	35,	5,	'blankets',	'MISSION 5/5 *3'),
(640,	13,	24,	'water',	'MISSION 5/5 *4'),
(641,	6,	2,	'beaten rice',	'MISSION 5/5 *4'),
(642,	24,	28,	'food',	'MISSION 5/5 *4'),
(643,	8,	4,	'noodles',	'MISSION 5/5 *4'),
(644,	1,	6,	'rice',	'MISSION 5/5 *4'),
(645,	12,	100,	'food packages',	'MISSION 5/5 *4'),
(646,	26,	20,	'salt',	'MISSION 5/5 *4'),
(647,	35,	40,	'blankets',	'MISSION 5/5 *4'),
(648,	10,	6,	'lime',	'MISSION 5/5 *4'),
(649,	40,	2,	'phenyl',	'MISSION 5/5 *4'),
(650,	13,	12,	'water',	'MISSION 5/5 *5'),
(651,	6,	3,	'beaten rice',	'MISSION 5/5 *5'),
(652,	7,	6,	'biscuits',	'MISSION 5/5 *5'),
(653,	23,	17,	'dal',	'MISSION 5/5 *5'),
(654,	24,	16,	'food',	'MISSION 5/5 *5'),
(655,	26,	20,	'salt',	'MISSION 5/5 *5'),
(656,	9,	5,	'medical kit',	'MISSION 5/5 *5'),
(657,	5,	200,	'medicine - rehydration',	'MISSION 5/5 *5'),
(658,	32,	60,	'sanitary pads',	'MISSION 5/5 *5'),
(659,	3,	10,	'piyush',	'MISSION 5/5 *5'),
(660,	35,	42,	'blankets',	'MISSION 5/5 *5'),
(661,	10,	6,	'lime',	'MISSION 5/5 *5'),
(662,	35,	10,	'blankets',	'MISSION 5/5 *6'),
(663,	35,	20,	'blankets',	'MISSION 5/5 *7'),
(664,	11,	40,	'tarp',	'MISSION 5/5 *9'),
(665,	9,	1,	'medical kit',	'MISSION 6/5 *1'),
(666,	5,	60,	'medicine - rehydration',	'MISSION 6/5 *1'),
(667,	32,	1,	'sanitary pads',	'MISSION 6/5 *1'),
(668,	3,	5,	'piyush',	'MISSION 6/5 *1'),
(669,	19,	750,	'purification tablets',	'MISSION 6/5 *1'),
(670,	4,	110,	'medicine - drug',	'MISSION 6/5 *10'),
(671,	35,	15,	'blankets',	'MISSION 6/5 *10'),
(672,	11,	15,	'tarp',	'MISSION 6/5 *10'),
(673,	11,	5,	'tarp',	'MISSION 6/5 *11'),
(674,	9,	1,	'medical kit',	'MISSION 6/5 *12'),
(675,	9,	1,	'medical kit',	'MISSION 6/5 *2'),
(676,	2,	50,	'medicine - supplies',	'MISSION 6/5 *2'),
(677,	32,	460,	'sanitary pads',	'MISSION 6/5 *2'),
(678,	7,	2,	'biscuits',	'MISSION 6/5 *3'),
(679,	1,	2,	'rice',	'MISSION 6/5 *3'),
(680,	9,	1,	'medical kit',	'MISSION 6/5 *3'),
(681,	22,	200,	'masks',	'MISSION 6/5 *3'),
(682,	11,	10,	'tarp',	'MISSION 6/5 *3'),
(683,	9,	1,	'medical kit',	'MISSION 6/5 *4'),
(684,	5,	50,	'medicine - rehydration',	'MISSION 6/5 *4'),
(685,	19,	100,	'purification tablets',	'MISSION 6/5 *4'),
(686,	13,	1,	'water',	'MISSION 6/5 *5'),
(687,	6,	6,	'beaten rice',	'MISSION 6/5 *5'),
(688,	23,	4,	'dal',	'MISSION 6/5 *5'),
(689,	8,	21,	'noodles',	'MISSION 6/5 *5'),
(690,	8,	6,	'noodles',	'MISSION 6/5 *5'),
(691,	1,	20,	'rice',	'MISSION 6/5 *5'),
(692,	26,	1,	'salt',	'MISSION 6/5 *5'),
(693,	2,	2,	'medicine - supplies',	'MISSION 6/5 *5'),
(694,	35,	61,	'blankets',	'MISSION 6/5 *5'),
(695,	15,	5,	'rope',	'MISSION 6/5 *5'),
(696,	11,	50,	'tarp',	'MISSION 6/5 *5'),
(697,	6,	1,	'beaten rice',	'MISSION 6/5 *6'),
(698,	9,	2,	'medical kit',	'MISSION 6/5 *6'),
(699,	5,	500,	'medicine - rehydration',	'MISSION 6/5 *6'),
(700,	2,	20,	'medicine - supplies',	'MISSION 6/5 *6'),
(701,	3,	10,	'piyush',	'MISSION 6/5 *6'),
(702,	3,	2,	'piyush',	'MISSION 6/5 *6'),
(703,	19,	200,	'purification tablets',	'MISSION 6/5 *6'),
(704,	19,	150,	'purification tablets',	'MISSION 6/5 *6'),
(705,	11,	25,	'tarp',	'MISSION 6/5 *6'),
(706,	23,	1,	'dal',	'MISSION 6/5 *7'),
(707,	1,	8,	'rice',	'MISSION 6/5 *7'),
(708,	25,	50,	'oil',	'MISSION 6/5 *7'),
(709,	26,	18,	'salt',	'MISSION 6/5 *7'),
(710,	9,	1,	'medical kit',	'MISSION 6/5 *7'),
(711,	35,	30,	'blankets',	'MISSION 6/5 *7'),
(712,	18,	1,	'plastic rolls',	'MISSION 6/5 *7'),
(713,	23,	30,	'dal',	'MISSION 6/5 *8'),
(714,	1,	4,	'rice',	'MISSION 6/5 *8'),
(715,	25,	30,	'oil',	'MISSION 6/5 *8'),
(716,	26,	12,	'salt',	'MISSION 6/5 *8'),
(717,	9,	1,	'medical kit',	'MISSION 6/5 *8'),
(718,	35,	20,	'blankets',	'MISSION 6/5 *8'),
(719,	18,	24,	'plastic rolls',	'MISSION 6/5 *8'),
(720,	9,	1,	'medical kit',	'MISSION 6/5 *9'),
(721,	5,	110,	'medicine - rehydration',	'MISSION 6/5 *9'),
(722,	22,	1,	'masks',	'MISSION 6/5 *9'),
(723,	32,	25,	'sanitary pads',	'MISSION 6/5 *9'),
(724,	6,	12,	'beaten rice',	'MISSION 7/5 *1'),
(725,	7,	6,	'biscuits',	'MISSION 7/5 *1'),
(726,	23,	20,	'dal',	'MISSION 7/5 *1'),
(727,	24,	14,	'food',	'MISSION 7/5 *1'),
(728,	8,	2,	'noodles',	'MISSION 7/5 *1'),
(729,	1,	25,	'rice',	'MISSION 7/5 *1'),
(730,	26,	5,	'salt',	'MISSION 7/5 *1'),
(731,	34,	5,	'sugar',	'MISSION 7/5 *1'),
(732,	9,	1,	'medical kit',	'MISSION 7/5 *1'),
(733,	35,	20,	'blankets',	'MISSION 7/5 *1'),
(734,	11,	100,	'tarp',	'MISSION 7/5 *1'),
(735,	1,	2,	'rice',	'MISSION 7/5 *10'),
(736,	9,	1,	'medical kit',	'MISSION 7/5 *10'),
(737,	5,	3,	'medicine - rehydration',	'MISSION 7/5 *10'),
(738,	33,	2,	'diapers',	'MISSION 7/5 *10'),
(739,	2,	2,	'medicine - supplies',	'MISSION 7/5 *10'),
(740,	3,	7,	'piyush',	'MISSION 7/5 *10'),
(741,	11,	20,	'tarp',	'MISSION 7/5 *10'),
(742,	23,	50,	'dal',	'MISSION 7/5 *2'),
(743,	8,	6,	'noodles',	'MISSION 7/5 *2'),
(744,	1,	55,	'rice',	'MISSION 7/5 *2'),
(745,	36,	55,	'matress',	'MISSION 7/5 *2'),
(746,	11,	20,	'tarp',	'MISSION 7/5 *2'),
(747,	32,	2,	'sanitary pads',	'MISSION 7/5 *3'),
(748,	13,	12,	'water',	'MISSION 7/5 *4'),
(749,	6,	4,	'beaten rice',	'MISSION 7/5 *4'),
(750,	7,	4,	'biscuits',	'MISSION 7/5 *4'),
(751,	23,	10,	'dal',	'MISSION 7/5 *4'),
(752,	27,	12,	'dalmot',	'MISSION 7/5 *4'),
(753,	8,	1,	'noodles',	'MISSION 7/5 *4'),
(754,	1,	13,	'rice',	'MISSION 7/5 *4'),
(755,	26,	15,	'salt',	'MISSION 7/5 *4'),
(756,	9,	5,	'medical kit',	'MISSION 7/5 *4'),
(757,	5,	420,	'medicine - rehydration',	'MISSION 7/5 *4'),
(758,	35,	50,	'blankets',	'MISSION 7/5 *4'),
(759,	11,	100,	'tarp',	'MISSION 7/5 *4'),
(760,	9,	2,	'medical kit',	'MISSION 7/5 *5'),
(761,	5,	110,	'medicine - rehydration',	'MISSION 7/5 *5'),
(762,	32,	2,	'sanitary pads',	'MISSION 7/5 *5'),
(763,	3,	6,	'piyush',	'MISSION 7/5 *5'),
(764,	9,	2,	'medical kit',	'MISSION 7/5 *6'),
(765,	5,	1,	'medicine - rehydration',	'MISSION 7/5 *6'),
(766,	11,	10,	'tarp',	'MISSION 7/5 *6'),
(767,	9,	1,	'medical kit',	'MISSION 7/5 *7'),
(768,	5,	48,	'medicine - rehydration',	'MISSION 7/5 *7'),
(769,	35,	10,	'blankets',	'MISSION 7/5 *7'),
(770,	6,	63,	'beaten rice',	'MISSION 7/5 *8'),
(771,	7,	6,	'biscuits',	'MISSION 7/5 *8'),
(772,	23,	2,	'dal',	'MISSION 7/5 *8'),
(773,	8,	74,	'noodles',	'MISSION 7/5 *8'),
(774,	1,	3,	'rice',	'MISSION 7/5 *8'),
(775,	26,	8,	'salt',	'MISSION 7/5 *8'),
(776,	5,	2,	'medicine - rehydration',	'MISSION 7/5 *8'),
(777,	2,	2,	'medicine - supplies',	'MISSION 7/5 *8'),
(778,	32,	1,	'sanitary pads',	'MISSION 7/5 *8'),
(779,	6,	2,	'beaten rice',	'MISSION 7/5 *9'),
(780,	4,	500,	'medicine - drug',	'MISSION 7/5 *9'),
(781,	2,	20,	'medicine - supplies',	'MISSION 7/5 *9'),
(782,	35,	10,	'blankets',	'MISSION 7/5 *9'),
(783,	11,	50,	'tarp',	'MISSION 7/5 *9'),
(784,	11,	52,	'tarp',	'MISSION 8/5 *1'),
(785,	1,	2,	'rice',	'MISSION 8/5 *10'),
(786,	11,	30,	'tarp',	'MISSION 8/5 *2'),
(787,	9,	1,	'medical kit',	'MISSION 8/5 *3'),
(788,	31,	2,	'solar lamps/chargers',	'MISSION 8/5 *3'),
(789,	11,	110,	'tarp',	'MISSION 8/5 *3'),
(790,	9,	1,	'medical kit',	'MISSION 8/5 *4'),
(791,	1,	10,	'rice',	'MISSION 8/5 *5'),
(792,	9,	2,	'medical kit',	'MISSION 8/5 *5'),
(793,	35,	50,	'blankets',	'MISSION 8/5 *5'),
(794,	31,	2,	'solar lamps/chargers',	'MISSION 8/5 *5'),
(795,	11,	55,	'tarp',	'MISSION 8/5 *5'),
(796,	9,	2,	'medical kit',	'MISSION 8/5 *6'),
(797,	23,	4,	'dal',	'MISSION 8/5 *7'),
(798,	1,	20,	'rice',	'MISSION 8/5 *7'),
(799,	25,	60,	'oil',	'MISSION 8/5 *7'),
(800,	26,	125,	'salt',	'MISSION 8/5 *7'),
(801,	9,	1,	'medical kit',	'MISSION 8/5 *7'),
(802,	3,	6,	'piyush',	'MISSION 8/5 *7'),
(803,	11,	51,	'tarp',	'MISSION 8/5 *7'),
(804,	7,	1,	'biscuits',	'MISSION 8/5 *8'),
(805,	23,	2,	'dal',	'MISSION 8/5 *8'),
(806,	8,	1,	'noodles',	'MISSION 8/5 *8'),
(807,	1,	5,	'rice',	'MISSION 8/5 *8'),
(808,	11,	101,	'tarp',	'MISSION 8/5 *9'),
(809,	9,	2,	'medical kit',	'MISSION 9/5 *1'),
(810,	3,	10,	'piyush',	'MISSION 9/5 *1'),
(811,	11,	25,	'tarp',	'MISSION 9/5 *2'),
(812,	9,	1,	'medical kit',	'MISSION 9/5 *3'),
(813,	9,	3,	'medical kit',	'MISSION 9/5 *4'),
(814,	5,	200,	'medicine - rehydration',	'MISSION 9/5 *4'),
(815,	32,	1,	'sanitary pads',	'MISSION 9/5 *4'),
(816,	11,	250,	'tarp',	'MISSION 9/5 *4'),
(817,	1,	16,	'rice',	'MISSION 9/5 *4'),
(818,	23,	2,	'dal',	'MISSION 9/5 *4'),
(819,	35,	100,	'blankets',	'MISSION 9/5 *4'),
(820,	6,	10,	'beaten rice',	'MISSION 9/5 *4'),
(821,	9,	2,	'medical kit',	'MISSION 9/5 *5'),
(822,	11,	40,	'tarp',	'MISSION 9/5 *6'),
(823,	11,	1,	'tarp',	'MISSION 9/5 *7');

DROP TABLE IF EXISTS `package`;
CREATE TABLE `package` (
  `pkg_id` varchar(100) NOT NULL,
  `pkg_count` int(10) NOT NULL AUTO_INCREMENT,
  `pkg_status` varchar(100) NOT NULL,
  `pkg_timestamp` datetime NOT NULL,
  `pkg_approval` varchar(50) NOT NULL,
  `agent_id` int(10) NOT NULL,
  `help_call_id` int(11) NOT NULL,
  `help_call_latlng` varchar(100) NOT NULL,
  `w_id` int(10) NOT NULL,
  PRIMARY KEY (`pkg_id`),
  UNIQUE KEY `pkg_id` (`pkg_id`),
  KEY `affected_zone_id` (`help_call_id`),
  KEY `pkg_count` (`pkg_count`)
) ENGINE=InnoDB DEFAULT CHARSET=utf8;

TRUNCATE `package`;
INSERT INTO `package` (`pkg_id`, `pkg_count`, `pkg_status`, `pkg_timestamp`, `pkg_approval`, `agent_id`, `help_call_id`, `help_call_latlng`, `w_id`) VALUES
('MISSION 1/5 #1',	13,	'2',	'2015-05-01 00:00:00',	'1',	13,	-1,	'27.66734,85.41673',	2),
('MISSION 1/5 #10',	14,	'2',	'2015-05-01 00:00:00',	'1',	14,	-1,	'27.67088,85.27748',	2),
('MISSION 1/5 #11',	15,	'2',	'2015-05-01 00:00:00',	'1',	15,	27013,	'27.75586,85.37301',	2),
('MISSION 1/5 #12',	16,	'2',	'2015-05-01 00:00:00',	'1',	16,	-1,	'27.6217,85.5576',	2),
('MISSION 1/5 #13',	17,	'2',	'2015-05-01 00:00:00',	'1',	17,	23021,	'27.82553,85.90248',	2),
('MISSION 1/5 #14',	18,	'2',	'2015-05-01 00:00:00',	'1',	18,	-1,	'27.5854,85.5242',	2),
('MISSION 1/5 #15',	19,	'2',	'2015-05-01 00:00:00',	'1',	19,	27011,	'27.58783,85.26671',	2),
('MISSION 1/5 #16',	20,	'2',	'2015-05-01 00:00:00',	'1',	14,	25020,	'27.4981,85.3985',	2),
('MISSION 1/5 #17',	21,	'2',	'2015-05-01 00:00:00',	'1',	21,	12018,	'27.30714,86.47213',	2),
('MISSION 1/5 #18',	22,	'2',	'2015-05-01 00:00:00',	'1',	14,	25031,	'27.5065,85.2624',	2),
('MISSION 1/5 #2',	23,	'2',	'2015-05-01 00:00:00',	'1',	23,	25004,	'27.5108,85.2961',	2),
('MISSION 1/5 #3',	24,	'2',	'2015-05-01 00:00:00',	'1',	24,	-1,	'27.82936,85.54504',	2),
('MISSION 1/5 #4',	25,	'2',	'2015-05-01 00:00:00',	'1',	25,	25030,	'27.6359,85.3754',	2),
('MISSION 1/5 #5',	26,	'2',	'2015-05-01 00:00:00',	'1',	14,	-1,	'27.70731,85.32218',	2),
('MISSION 1/5 #6',	27,	'2',	'2015-05-01 00:00:00',	'1',	27,	-1,	'27.5854,85.5242',	2),
('MISSION 1/5 #7',	28,	'2',	'2015-05-01 00:00:00',	'1',	14,	25021,	'27.6389,85.3456',	2),
('MISSION 1/5 #8',	29,	'2',	'2015-05-01 00:00:00',	'1',	14,	25007,	'27.6211,85.303',	2),
('MISSION 1/5 *10',	1,	'2',	'2015-05-01 00:00:00',	'1',	1,	-1,	'27.6748,85.4319',	2),
('MISSION 1/5 *11',	2,	'2',	'2015-05-01 00:00:00',	'1',	2,	25026,	'27.6416,85.2962',	2),
('MISSION 1/5 *12',	3,	'2',	'2015-05-01 00:00:00',	'1',	3,	25036,	'27.5084,85.3367',	2),
('MISSION 1/5 *13',	4,	'2',	'2015-05-01 00:00:00',	'1',	4,	25012,	'27.5307,85.3306',	2),
('MISSION 1/5 *14',	5,	'2',	'2015-05-01 00:00:00',	'1',	5,	-1,	'27.6217,85.5576',	2),
('MISSION 1/5 *15',	6,	'2',	'2015-05-01 00:00:00',	'1',	6,	25033,	'27.5481,85.3454',	2),
('MISSION 1/5 *2',	7,	'2',	'2015-05-01 00:00:00',	'1',	7,	25002,	'27.5887,85.3532',	2),
('MISSION 1/5 *3',	8,	'2',	'2015-05-01 00:00:00',	'1',	8,	25002,	'27.5887,85.3532',	2),
('MISSION 1/5 *4',	9,	'2',	'2015-05-01 00:00:00',	'1',	9,	25019,	'27.59628,85.37102',	2),
('MISSION 1/5 *5',	10,	'2',	'2015-05-01 00:00:00',	'1',	10,	23027,	'27.83164,85.81236',	2),
('MISSION 1/5 *6',	11,	'2',	'2015-05-01 00:00:00',	'1',	11,	36024,	'28.06,84.6238',	2),
('MISSION 1/5 *7',	12,	'2',	'2015-05-01 00:00:00',	'1',	12,	25035,	'27.6505,85.3063',	2),
('MISSION 1/5 nosheet 1',	30,	'2',	'2015-05-01 00:00:00',	'1',	30,	25036,	'27.5084,85.3367',	2),
('MISSION 1/5 nosheet 10',	31,	'2',	'2015-05-01 00:00:00',	'1',	31,	-1,	'27.70476,85.2104',	2),
('MISSION 1/5 nosheet 11',	32,	'2',	'2015-05-01 00:00:00',	'1',	32,	25009,	'27.5935,85.3297',	2),
('MISSION 1/5 nosheet 2',	33,	'2',	'2015-05-01 00:00:00',	'1',	33,	-1,	'27.6748,85.4319',	2),
('MISSION 1/5 nosheet 3',	34,	'2',	'2015-05-01 00:00:00',	'1',	34,	24058,	'27.577,85.6235',	2),
('MISSION 1/5 nosheet 4',	35,	'2',	'2015-05-01 00:00:00',	'1',	35,	25003,	'27.5493,85.3846',	2),
('MISSION 1/5 nosheet 5',	36,	'2',	'2015-05-01 00:00:00',	'1',	36,	25009,	'27.5935,85.3297',	2),
('MISSION 1/5 nosheet 6',	37,	'2',	'2015-05-01 00:00:00',	'1',	37,	25009,	'27.5935,85.3297',	2),
('MISSION 1/5 nosheet 7',	38,	'2',	'2015-05-01 00:00:00',	'1',	14,	25013,	'27.5635,85.283',	2),
('MISSION 1/5 nosheet 8',	39,	'2',	'2015-05-01 00:00:00',	'1',	39,	25009,	'27.5935,85.3297',	2),
('MISSION 1/5 nosheet 9',	40,	'2',	'2015-05-01 00:00:00',	'1',	40,	25024,	'27.6123,85.342',	2),
('MISSION 10/5 *1',	41,	'2',	'2015-05-10 00:00:00',	'1',	41,	4033,	'27.56324,85.86011',	2),
('MISSION 10/5 *2',	42,	'2',	'2015-05-10 00:00:00',	'1',	42,	23032,	'27.82148,85.78307',	2),
('MISSION 10/5 *3',	43,	'2',	'2015-05-10 00:00:00',	'1',	43,	30033,	'27.8701,84.8381',	2),
('MISSION 10/5 *4',	44,	'2',	'2015-05-10 00:00:00',	'1',	44,	25022,	'27.4822,85.3182',	2),
('MISSION 10/5 *5',	45,	'2',	'2015-05-10 00:00:00',	'1',	45,	-1,	'27.67088,85.27748',	2),
('MISSION 10/5 *6',	46,	'2',	'2015-05-10 00:00:00',	'1',	14,	27034,	'27.76161,85.49094',	2),
('MISSION 11/5 *1',	47,	'2',	'2015-05-11 00:00:00',	'1',	47,	28021,	'27.93813,85.44309',	2),
('MISSION 11/5 *2',	48,	'2',	'2015-05-11 00:00:00',	'1',	48,	24012,	'27.4169,85.6762',	2),
('MISSION 11/5 *3',	49,	'2',	'2015-05-11 00:00:00',	'1',	49,	24014,	'27.7028,85.659',	2),
('MISSION 2/5 *1',	50,	'2',	'2015-05-02 00:00:00',	'1',	50,	23032,	'27.82148,85.78307',	2),
('MISSION 2/5 *10',	51,	'2',	'2015-05-02 00:00:00',	'1',	51,	36004,	'28.0618,84.776',	2),
('MISSION 2/5 *11',	52,	'2',	'2015-05-02 00:00:00',	'1',	52,	-1,	'27.67088,85.27748',	2),
('MISSION 2/5 *12',	53,	'2',	'2015-05-02 00:00:00',	'1',	53,	22011,	'27.66913,86.13334',	2),
('MISSION 2/5 *13',	54,	'2',	'2015-05-02 00:00:00',	'1',	54,	30019,	'27.976,84.8736',	2),
('MISSION 2/5 *14',	55,	'2',	'2015-05-02 00:00:00',	'1',	55,	30015,	'28.0475,84.951',	2),
('MISSION 2/5 *15',	56,	'2',	'2015-05-02 00:00:00',	'1',	56,	23032,	'27.82148,85.78307',	2),
('MISSION 2/5 *16',	57,	'2',	'2015-05-02 00:00:00',	'1',	57,	26011,	'27.6636,85.4115',	2),
('MISSION 2/5 *17',	58,	'2',	'2015-05-02 00:00:00',	'1',	58,	25036,	'27.5084,85.3367',	2),
('MISSION 2/5 *18',	59,	'2',	'2015-05-02 00:00:00',	'1',	59,	27052,	'27.71517,85.27648',	2),
('MISSION 2/5 *19',	60,	'2',	'2015-05-02 00:00:00',	'1',	59,	24050,	'27.4687,85.7881',	2),
('MISSION 2/5 *2',	61,	'2',	'2015-05-02 00:00:00',	'1',	14,	23035,	'27.72394,85.76373',	2),
('MISSION 2/5 *20',	62,	'2',	'2015-05-02 00:00:00',	'1',	45,	25007,	'27.6211,85.303',	2),
('MISSION 2/5 *21',	63,	'2',	'2015-05-02 00:00:00',	'1',	43,	30030,	'28.0135,84.9646',	2),
('MISSION 2/5 *3',	64,	'2',	'2015-05-02 00:00:00',	'1',	64,	25004,	'27.5108,85.2961',	2),
('MISSION 2/5 *4',	65,	'2',	'2015-05-02 00:00:00',	'1',	41,	30030,	'28.0135,84.9646',	2),
('MISSION 2/5 *5',	66,	'2',	'2015-05-02 00:00:00',	'1',	66,	-1,	'27.6691,85.3199',	2),
('MISSION 2/5 *6',	67,	'2',	'2015-05-02 00:00:00',	'1',	67,	30030,	'28.0135,84.9646',	2),
('MISSION 2/5 *7',	68,	'2',	'2015-05-02 00:00:00',	'1',	68,	21021,	'27.64091,86.42334',	2),
('MISSION 2/5 *8',	69,	'2',	'2015-05-02 00:00:00',	'1',	69,	22018,	'27.85563,86.26379',	2),
('MISSION 2/5 *9',	70,	'2',	'2015-05-02 00:00:00',	'1',	70,	30038,	'28.1121,84.9752',	2),
('MISSION 29/4 *1',	71,	'2',	'2015-04-29 00:00:00',	'1',	71,	26014,	'27.6422,85.4598',	2),
('MISSION 29/4 *2',	72,	'2',	'2015-04-29 00:00:00',	'1',	72,	-1,	'27.633,85.5302',	2),
('MISSION 29/4 *3',	73,	'2',	'2015-04-29 00:00:00',	'1',	72,	26015,	'27.64714,85.43797',	2),
('MISSION 29/4 *4',	74,	'2',	'2015-04-29 00:00:00',	'1',	72,	-1,	'27.6748,85.4319',	2),
('MISSION 29/4 *5',	75,	'2',	'2015-04-29 00:00:00',	'1',	72,	26015,	'27.64714,85.43797',	2),
('MISSION 3/5 *1',	76,	'2',	'2015-05-03 00:00:00',	'1',	76,	31021,	'27.37221,85.15362',	2),
('MISSION 3/5 *10',	77,	'2',	'2015-05-03 00:00:00',	'1',	77,	28042,	'27.79251,85.25337',	2),
('MISSION 3/5 *11',	78,	'2',	'2015-05-03 00:00:00',	'1',	78,	-1,	'27.70476,85.2104',	2),
('MISSION 3/5 *12',	79,	'2',	'2015-05-03 00:00:00',	'1',	45,	25026,	'27.6416,85.2962',	2),
('MISSION 3/5 *13',	80,	'2',	'2015-05-03 00:00:00',	'1',	80,	23063,	'27.76221,85.6291',	2),
('MISSION 3/5 *14',	81,	'2',	'2015-05-03 00:00:00',	'1',	81,	30041,	'27.99348,84.81247',	2),
('MISSION 3/5 *15',	82,	'2',	'2015-05-03 00:00:00',	'1',	82,	25036,	'27.5084,85.3367',	2),
('MISSION 3/5 *16',	83,	'2',	'2015-05-03 00:00:00',	'1',	83,	-1,	'27.6748,85.4319',	2),
('MISSION 3/5 *17',	84,	'2',	'2015-05-03 00:00:00',	'1',	84,	-1,	'27.67088,85.27748',	2),
('MISSION 3/5 *18',	85,	'2',	'2015-05-03 00:00:00',	'1',	16,	-1,	'27.6748,85.4319',	2),
('MISSION 3/5 *19',	86,	'2',	'2015-05-03 00:00:00',	'1',	86,	36060,	'28.1006,84.681',	2),
('MISSION 3/5 *2',	87,	'2',	'2015-05-03 00:00:00',	'1',	14,	25006,	'27.4958,85.3634',	2),
('MISSION 3/5 *20',	88,	'2',	'2015-05-03 00:00:00',	'1',	88,	30017,	'28.0988,85.0627',	2),
('MISSION 3/5 *21',	89,	'2',	'2015-05-03 00:00:00',	'1',	89,	27020,	'27.73878,85.39494',	2),
('MISSION 3/5 *22',	90,	'2',	'2015-05-03 00:00:00',	'1',	90,	23032,	'27.82148,85.78307',	2),
('MISSION 3/5 *23',	91,	'2',	'2015-05-03 00:00:00',	'1',	91,	25004,	'27.5108,85.2961',	2),
('MISSION 3/5 *3',	92,	'2',	'2015-05-03 00:00:00',	'1',	92,	36061,	'28.0337,84.7752',	2),
('MISSION 3/5 *4',	93,	'2',	'2015-05-03 00:00:00',	'1',	11,	36024,	'28.06,84.6238',	2),
('MISSION 3/5 *5',	94,	'2',	'2015-05-03 00:00:00',	'1',	94,	36059,	'28.076,84.6867',	2),
('MISSION 3/5 *6',	95,	'2',	'2015-05-03 00:00:00',	'1',	54,	30019,	'27.976,84.8736',	2),
('MISSION 3/5 *7',	96,	'2',	'2015-05-03 00:00:00',	'1',	96,	28058,	'27.84068,85.2943',	2),
('MISSION 3/5 *8',	97,	'2',	'2015-05-03 00:00:00',	'1',	97,	30010,	'27.9168,84.8315',	2),
('MISSION 3/5 *9',	98,	'2',	'2015-05-03 00:00:00',	'1',	98,	24071,	'27.6432,85.5682',	2),
('MISSION 30/4 *1',	99,	'2',	'2015-04-30 00:00:00',	'1',	14,	-1,	'27.6748,85.4319',	2),
('MISSION 30/4 *2',	100,	'2',	'2015-04-30 00:00:00',	'1',	14,	25006,	'27.4958,85.3634',	2),
('MISSION 30/4 nosheet 1',	101,	'2',	'2015-04-30 00:00:00',	'1',	101,	-1,	'27.6748,85.4319',	2),
('MISSION 30/4 nosheet 10',	102,	'2',	'2015-04-30 00:00:00',	'1',	41,	25003,	'27.5493,85.3846',	2),
('MISSION 30/4 nosheet 11',	103,	'2',	'2015-04-30 00:00:00',	'1',	103,	25007,	'27.6211,85.303',	2),
('MISSION 30/4 nosheet 12',	104,	'2',	'2015-04-30 00:00:00',	'1',	104,	25013,	'27.5635,85.283',	2),
('MISSION 30/4 nosheet 13',	105,	'2',	'2015-04-30 00:00:00',	'1',	105,	25029,	'27.5615,85.3303',	2),
('MISSION 30/4 nosheet 14',	106,	'2',	'2015-04-30 00:00:00',	'1',	106,	23058,	'27.69532,85.72073',	2),
('MISSION 30/4 nosheet 2',	107,	'2',	'2015-04-30 00:00:00',	'1',	107,	-1,	'27.6748,85.4319',	2),
('MISSION 30/4 nosheet 3',	108,	'2',	'2015-04-30 00:00:00',	'1',	108,	27011,	'27.58783,85.26671',	2),
('MISSION 30/4 nosheet 4',	109,	'2',	'2015-04-30 00:00:00',	'1',	14,	-1,	'27.58333,85.66667',	2),
('MISSION 30/4 nosheet 5',	110,	'2',	'2015-04-30 00:00:00',	'1',	110,	-1,	'27.67088,85.27748',	2),
('MISSION 30/4 nosheet 6',	111,	'2',	'2015-04-30 00:00:00',	'1',	14,	-1,	'27.70731,85.32218',	2),
('MISSION 30/4 nosheet 7',	112,	'2',	'2015-04-30 00:00:00',	'1',	112,	-1,	'27.70731,85.32218',	2),
('MISSION 30/4 nosheet 8',	113,	'2',	'2015-04-30 00:00:00',	'1',	113,	-1,	'27.70731,85.32218',	2),
('MISSION 30/4 nosheet 9',	114,	'2',	'2015-04-30 00:00:00',	'1',	114,	27005,	'27.76767,85.39192',	2),
('MISSION 4/5 *1',	115,	'2',	'2015-05-04 00:00:00',	'1',	115,	28002,	'27.90506,85.38717',	2),
('MISSION 4/5 *10',	116,	'2',	'2015-05-04 00:00:00',	'1',	116,	36054,	'28.087,84.6393',	2),
('MISSION 4/5 *11',	117,	'2',	'2015-05-04 00:00:00',	'1',	117,	3005,	'27.41486,86.05664',	2),
('MISSION 4/5 *12',	118,	'2',	'2015-05-04 00:00:00',	'1',	118,	26011,	'27.6636,85.4115',	2),
('MISSION 4/5 *13',	119,	'2',	'2015-05-04 00:00:00',	'1',	119,	27001,	'27.74768,85.43146',	2),
('MISSION 4/5 *14',	120,	'2',	'2015-05-04 00:00:00',	'1',	54,	36019,	'28.0134,84.7823',	2),
('MISSION 4/5 *2',	121,	'2',	'2015-05-04 00:00:00',	'1',	50,	30030,	'28.0135,84.9646',	2),
('MISSION 4/5 *3',	122,	'2',	'2015-05-04 00:00:00',	'1',	122,	28027,	'27.81948,85.25691',	2),
('MISSION 4/5 *4',	123,	'2',	'2015-05-04 00:00:00',	'1',	123,	23079,	'27.72236,85.79753',	2),
('MISSION 4/5 *5',	124,	'2',	'2015-05-04 00:00:00',	'1',	124,	25019,	'27.59628,85.37102',	2),
('MISSION 4/5 *6',	125,	'2',	'2015-05-04 00:00:00',	'1',	125,	36061,	'28.0337,84.7752',	2),
('MISSION 4/5 *7',	126,	'2',	'2015-05-04 00:00:00',	'1',	126,	25029,	'27.5615,85.3303',	2),
('MISSION 4/5 *8',	127,	'2',	'2015-05-04 00:00:00',	'1',	127,	27056,	'27.69253,85.21606',	2),
('MISSION 4/5 *9',	128,	'2',	'2015-05-04 00:00:00',	'1',	128,	25026,	'27.6416,85.2962',	2),
('MISSION 5/5 * 8',	129,	'2',	'2015-05-06 00:00:00',	'1',	129,	36063,	'28.0254,84.6775',	2),
('MISSION 5/5 *2',	130,	'2',	'2015-05-05 00:00:00',	'1',	130,	25016,	'27.5901,85.2969',	2),
('MISSION 5/5 *3',	131,	'2',	'2015-05-05 00:00:00',	'1',	131,	-1,	'27.6691,85.3199',	2),
('MISSION 5/5 *4',	132,	'2',	'2015-05-05 00:00:00',	'1',	43,	30030,	'28.0135,84.9646',	2),
('MISSION 5/5 *5',	133,	'2',	'2015-05-05 00:00:00',	'1',	133,	-1,	'27.83333,86.25',	2),
('MISSION 5/5 *6',	134,	'2',	'2015-05-05 00:00:00',	'1',	134,	36014,	'28.0556,84.5881',	2),
('MISSION 5/5 *7',	135,	'2',	'2015-05-05 00:00:00',	'1',	135,	24041,	'27.61,85.5832',	2),
('MISSION 5/5 *9',	136,	'2',	'2015-05-05 00:00:00',	'1',	136,	25016,	'27.5901,85.2969',	2),
('MISSION 6/5 *1',	137,	'2',	'2015-05-06 00:00:00',	'1',	137,	36001,	'28.0687,84.5334',	2),
('MISSION 6/5 *10',	138,	'2',	'2015-05-06 00:00:00',	'1',	138,	23071,	'27.84258,85.48731',	2),
('MISSION 6/5 *11',	139,	'2',	'2015-05-06 00:00:00',	'1',	139,	20040,	'27.3751,85.8963',	2),
('MISSION 6/5 *12',	140,	'2',	'2015-05-06 00:00:00',	'1',	140,	9002,	'27.45679,87.32787',	2),
('MISSION 6/5 *2',	141,	'2',	'2015-05-06 00:00:00',	'1',	141,	23044,	'27.88694,85.51056',	2),
('MISSION 6/5 *3',	142,	'2',	'2015-05-06 00:00:00',	'1',	142,	-1,	'27.70731,85.32218',	2),
('MISSION 6/5 *4',	143,	'2',	'2015-05-06 00:00:00',	'1',	143,	29011,	'28.20692,85.51986',	2),
('MISSION 6/5 *5',	144,	'2',	'2015-05-06 00:00:00',	'1',	144,	23027,	'27.83164,85.81236',	2),
('MISSION 6/5 *6',	145,	'2',	'2015-05-05 00:00:00',	'1',	145,	23007,	'27.96275,85.61778',	2),
('MISSION 6/5 *7',	146,	'2',	'2015-05-06 00:00:00',	'1',	146,	24041,	'27.61,85.5832',	2),
('MISSION 6/5 *8',	147,	'2',	'2015-05-06 00:00:00',	'1',	146,	23058,	'27.69532,85.72073',	2),
('MISSION 6/5 *9',	148,	'2',	'2015-05-06 00:00:00',	'1',	148,	28027,	'27.81948,85.25691',	2),
('MISSION 7/5 *1',	149,	'2',	'2015-05-07 00:00:00',	'1',	149,	23021,	'27.82553,85.90248',	2),
('MISSION 7/5 *10',	150,	'2',	'2015-05-07 00:00:00',	'1',	150,	23002,	'27.78326,85.61004',	2),
('MISSION 7/5 *2',	151,	'2',	'2015-05-07 00:00:00',	'1',	151,	28052,	'27.83895,85.37597',	2),
('MISSION 7/5 *3',	152,	'2',	'2015-05-07 00:00:00',	'1',	152,	25030,	'27.6359,85.3754',	2),
('MISSION 7/5 *4',	153,	'2',	'2015-05-07 00:00:00',	'1',	153,	21021,	'27.64091,86.42334',	2),
('MISSION 7/5 *5',	154,	'2',	'2015-05-07 00:00:00',	'1',	154,	28052,	'27.83895,85.37597',	2),
('MISSION 7/5 *6',	155,	'2',	'2015-05-07 00:00:00',	'1',	155,	30008,	'27.7485,85.227',	2),
('MISSION 7/5 *7',	156,	'2',	'2015-05-07 00:00:00',	'1',	156,	30042,	'27.9395,84.9118',	2),
('MISSION 7/5 *8',	157,	'2',	'2015-05-07 00:00:00',	'1',	117,	24062,	'27.6591,85.5308',	2),
('MISSION 7/5 *9',	158,	'2',	'2015-05-07 00:00:00',	'1',	54,	29009,	'27.99303,85.2157',	2),
('MISSION 8/5 *1',	159,	'2',	'2015-05-08 00:00:00',	'1',	159,	23057,	'27.7797,85.8788',	2),
('MISSION 8/5 *10',	160,	'2',	'2015-05-08 00:00:00',	'1',	160,	37014,	'28.30326,84.41636',	2),
('MISSION 8/5 *2',	161,	'2',	'2015-05-08 00:00:00',	'1',	161,	-1,	'27.82936,85.54504',	2),
('MISSION 8/5 *3',	162,	'2',	'2015-05-08 00:00:00',	'1',	162,	23013,	'27.76987,85.95853',	2),
('MISSION 8/5 *4',	163,	'2',	'2015-05-08 00:00:00',	'1',	163,	-1,	'29.7814,80.5145',	2),
('MISSION 8/5 *5',	164,	'2',	'2015-05-08 00:00:00',	'1',	164,	-1,	'27.66517,86.05285',	2),
('MISSION 8/5 *6',	165,	'2',	'2015-05-08 00:00:00',	'1',	165,	27022,	'27.7433,85.31991',	2),
('MISSION 8/5 *7',	166,	'2',	'2015-05-08 00:00:00',	'1',	146,	23001,	'27.67139,85.88846',	2),
('MISSION 8/5 *8',	167,	'2',	'2015-05-08 00:00:00',	'1',	167,	23035,	'27.72394,85.76373',	2),
('MISSION 8/5 *9',	168,	'2',	'2015-05-08 00:00:00',	'1',	168,	23029,	'27.99355,85.54435',	2),
('MISSION 9/5 *1',	169,	'2',	'2015-05-09 00:00:00',	'1',	45,	27046,	'27.71879,85.25633',	2),
('MISSION 9/5 *2',	170,	'2',	'2015-05-09 00:00:00',	'1',	170,	31015,	'27.6164,85.21402',	2),
('MISSION 9/5 *3',	171,	'2',	'2015-05-09 00:00:00',	'1',	142,	-1,	'27.70731,85.32218',	2),
('MISSION 9/5 *4',	172,	'2',	'2015-05-09 00:00:00',	'1',	172,	22049,	'27.72942,86.23623',	2),
('MISSION 9/5 *5',	173,	'2',	'2015-05-08 00:00:00',	'1',	159,	23057,	'27.7797,85.8788',	2),
('MISSION 9/5 *6',	174,	'2',	'2015-05-09 00:00:00',	'1',	174,	25002,	'27.5887,85.3532',	2),
('MISSION 9/5 *7',	175,	'2',	'2015-05-09 00:00:00',	'1',	175,	27022,	'27.7433,85.31991',	2);

-- 2015-05-14 13:22:37
