-- Adminer 4.2.1 MySQL dump

SET NAMES utf8;
SET time_zone = '+00:00';
SET foreign_key_checks = 0;
SET sql_mode = 'NO_AUTO_VALUE_ON_ZERO';

USE `savenepal`;

INSERT INTO `agent_debug` (`agent_id`, `agent_type`, `agent_name`, `agent_phone`, `agent_email`, `agent_address`, `agent_organization`, `agent_can_travel`, `agent_duration_available`, `agent_language_known`, `agent_can_provide`, `agent_status`, `agent_deployed_in`) VALUES
(1,	'ground',	'urgen lama',	'280602315',	'280602315@yellowhouse.com',	'N/A',	'N/A',	'yes',	'N/A',	'N/A',	'N/A',	2,	'Melamchi'),
(2,	'ground',	'avishek shrestha',	'345664258',	'345664258@yellowhouse.com',	'N/A',	'N/A',	'yes',	'N/A',	'N/A',	'N/A',	2,	''),
(3,	'ground',	'nikhil tuladhar',	'153255414',	'153255414@yellowhouse.com',	'N/A',	'N/A',	'yes',	'N/A',	'N/A',	'N/A',	2,	'Bhaktapur'),
(4,	'ground',	'pushpa basnet',	'199891498',	'199891498@yellowhouse.com',	'N/A',	'N/A',	'yes',	'N/A',	'N/A',	'N/A',	2,	'Budanilkantha'),
(5,	'ground',	'amul and kumar dahal ',	'68166019',	'68166019@yellowhouse.com',	'N/A',	'N/A',	'yes',	'N/A',	'N/A',	'N/A',	2,	'Ugarachandi Nala'),
(6,	'ground',	'avishek shrestha',	'788430206',	'788430206@yellowhouse.com',	'N/A',	'N/A',	'yes',	'N/A',	'N/A',	'N/A',	2,	'Kapan'),
(7,	'ground',	'gagan thapa',	'746564498',	'746564498@yellowhouse.com',	'N/A',	'N/A',	'yes',	'N/A',	'N/A',	'N/A',	2,	'Kapan'),
(8,	'ground',	'nikhil tuladhar',	'179867988',	'179867988@yellowhouse.com',	'N/A',	'N/A',	'yes',	'N/A',	'N/A',	'N/A',	2,	'Gorsyang'),
(9,	'ground',	'sony kc',	'500733147',	'500733147@yellowhouse.com',	'N/A',	'N/A',	'yes',	'N/A',	'N/A',	'N/A',	2,	'Kalati Bhumidanda'),
(10,	'ground',	'sprisha devkota',	'9627086',	'9627086@yellowhouse.com',	'N/A',	'N/A',	'yes',	'N/A',	'N/A',	'N/A',	2,	'Bakrang'),
(11,	'ground',	'tirtha',	'66441120',	'66441120@yellowhouse.com',	'N/A',	'N/A',	'yes',	'N/A',	'N/A',	'N/A',	2,	'Salyantar'),
(12,	'ground',	'urgen lama',	'286135991',	'286135991@yellowhouse.com',	'N/A',	'N/A',	'yes',	'N/A',	'N/A',	'N/A',	2,	'Melamchi'),
(13,	'ground',	'aashmi rana',	'278847590',	'278847590@yellowhouse.com',	'N/A',	'N/A',	'yes',	'N/A',	'N/A',	'N/A',	2,	'Kushadevi'),
(14,	'ground',	'nikhil tuladhar',	'152903510',	'152903510@yellowhouse.com',	'N/A',	'N/A',	'yes',	'N/A',	'N/A',	'N/A',	2,	'Gorsyang'),
(15,	'ground',	'raj shrestha',	'78508305',	'78508305@yellowhouse.com',	'N/A',	'N/A',	'yes',	'N/A',	'N/A',	'N/A',	2,	'Bhaktapur'),
(16,	'ground',	'silver mountain',	'436058315',	'436058315@yellowhouse.com',	'N/A',	'N/A',	'yes',	'N/A',	'N/A',	'N/A',	2,	'Lazimpat'),
(17,	'ground',	'dhulikhel hospital',	'702022869',	'702022869@yellowhouse.com',	'N/A',	'N/A',	'yes',	'N/A',	'N/A',	'N/A',	2,	'Bhotenamlang'),
(18,	'ground',	'dr. swaraj rajbhandari',	'45278144',	'45278144@yellowhouse.com',	'N/A',	'N/A',	'yes',	'N/A',	'N/A',	'N/A',	2,	'Bhotenamlang'),
(19,	'ground',	'dr. swaraj rajbhandari',	'77325280',	'77325280@yellowhouse.com',	'N/A',	'N/A',	'yes',	'N/A',	'N/A',	'N/A',	2,	'Bhotenamlang'),
(20,	'ground',	'urgen lama',	'89395715',	'89395715@yellowhouse.com',	'N/A',	'N/A',	'yes',	'N/A',	'N/A',	'N/A',	2,	'Melamchi'),
(21,	'ground',	'aashmi rana',	'133446146',	'133446146@yellowhouse.com',	'N/A',	'N/A',	'yes',	'N/A',	'N/A',	'N/A',	2,	'Budanilkantha'),
(22,	'ground',	'avishek shrestha',	'447398038',	'447398038@yellowhouse.com',	'N/A',	'N/A',	'yes',	'N/A',	'N/A',	'N/A',	2,	'Thankot'),
(23,	'ground',	'dhulikhel hospital',	'571211350',	'571211350@yellowhouse.com',	'N/A',	'N/A',	'yes',	'N/A',	'N/A',	'N/A',	2,	'Dhulikhel'),
(24,	'ground',	'gagan thapa',	'641331766',	'641331766@yellowhouse.com',	'N/A',	'N/A',	'yes',	'N/A',	'N/A',	'N/A',	2,	'Kapan'),
(25,	'ground',	'nikhil tuladhar',	'575772934',	'575772934@yellowhouse.com',	'N/A',	'N/A',	'yes',	'N/A',	'N/A',	'N/A',	2,	'Bhaktapur'),
(26,	'ground',	'pushpa basnet',	'56620060',	'56620060@yellowhouse.com',	'N/A',	'N/A',	'yes',	'N/A',	'N/A',	'N/A',	2,	'Budanilkantha'),
(27,	'ground',	'rijuta dahal (kehi garum)',	'44268524',	'44268524@yellowhouse.com',	'N/A',	'N/A',	'yes',	'N/A',	'N/A',	'N/A',	2,	'Kirtipur '),
(28,	'ground',	'urgen lama',	'35378361',	'35378361@yellowhouse.com',	'N/A',	'N/A',	'yes',	'N/A',	'N/A',	'N/A',	2,	'Melamchi'),
(29,	'ground',	'parmita shakya',	'413611098',	'413611098@yellowhouse.com',	'N/A',	'N/A',	'yes',	'N/A',	'N/A',	'N/A',	2,	'Nagarkot'),
(30,	'ground',	'utsav shakya',	'690018806',	'690018806@yellowhouse.com',	'N/A',	'N/A',	'yes',	'N/A',	'N/A',	'N/A',	2,	'Kuleshwor'),
(31,	'ground',	'gagan thapa',	'364179932',	'364179932@yellowhouse.com',	'N/A',	'N/A',	'yes',	'N/A',	'N/A',	'N/A',	2,	'Mahankal'),
(32,	'ground',	'pushpa basnet',	'694213413',	'694213413@yellowhouse.com',	'N/A',	'N/A',	'yes',	'N/A',	'N/A',	'N/A',	2,	'Budanilkantha'),
(33,	'ground',	'ankur agarwal',	'35683064',	'35683064@yellowhouse.com',	'N/A',	'N/A',	'yes',	'N/A',	'N/A',	'N/A',	2,	'Thakani'),
(34,	'ground',	'urgen lama',	'517435347',	'517435347@yellowhouse.com',	'N/A',	'N/A',	'yes',	'N/A',	'N/A',	'N/A',	2,	'Melamchi'),
(35,	'ground',	'ujwal shrestha',	'894104912',	'894104912@yellowhouse.com',	'N/A',	'N/A',	'yes',	'N/A',	'N/A',	'N/A',	2,	''),
(36,	'ground',	'lokesh todi',	'103849084',	'103849084@yellowhouse.com',	'N/A',	'N/A',	'yes',	'N/A',	'N/A',	'N/A',	2,	''),
(37,	'ground',	'urgen lama',	'305865552',	'305865552@yellowhouse.com',	'N/A',	'N/A',	'yes',	'N/A',	'N/A',	'N/A',	2,	'Melamchi'),
(38,	'ground',	'aashmi rana',	'640669410',	'640669410@yellowhouse.com',	'N/A',	'N/A',	'yes',	'N/A',	'N/A',	'N/A',	2,	'Budanilkantha'),
(39,	'ground',	'lokesh todi',	'283717072',	'283717072@yellowhouse.com',	'N/A',	'N/A',	'yes',	'N/A',	'N/A',	'N/A',	2,	'');


INSERT INTO `agent_detail_debug` (`agent_detail_id`, `agent_detail_timestamp`, `agent_id`, `agent_name`, `agent_status`, `agent_location`) VALUES
(1,	'2015-04-28 00:00:00',	'1',	'urgen lama',	2,	'Melamchi'),
(2,	'2015-04-29 00:00:00',	'2',	'avishek shrestha',	2,	''),
(3,	'2015-04-29 00:00:00',	'3',	'nikhil tuladhar',	2,	'Bhaktapur'),
(4,	'2015-04-29 00:00:00',	'4',	'pushpa basnet',	2,	'Budanilkantha'),
(5,	'2015-04-30 00:00:00',	'5',	'amul and kumar dahal ',	2,	'Ugarachandi Nala'),
(6,	'2015-04-30 00:00:00',	'6',	'avishek shrestha',	2,	'Kapan'),
(7,	'2015-04-30 00:00:00',	'7',	'gagan thapa',	2,	'Kapan'),
(8,	'2015-04-30 00:00:00',	'8',	'nikhil tuladhar',	2,	'Gorsyang'),
(9,	'2015-04-30 00:00:00',	'9',	'sony kc',	2,	'Kalati Bhumidanda'),
(10,	'2015-04-30 00:00:00',	'10',	'sprisha devkota',	2,	'Bakrang'),
(11,	'2015-04-30 00:00:00',	'11',	'tirtha',	2,	'Salyantar'),
(12,	'2015-04-30 00:00:00',	'12',	'urgen lama',	2,	'Melamchi'),
(13,	'2015-05-01 00:00:00',	'13',	'aashmi rana',	2,	'Kushadevi'),
(14,	'2015-05-01 00:00:00',	'14',	'nikhil tuladhar',	2,	'Gorsyang'),
(15,	'2015-05-01 00:00:00',	'15',	'raj shrestha',	2,	'Bhaktapur'),
(16,	'2015-05-01 00:00:00',	'16',	'silver mountain',	2,	'Lazimpat'),
(17,	'2015-05-02 00:00:00',	'17',	'dhulikhel hospital',	2,	'Bhotenamlang'),
(18,	'2015-05-02 00:00:00',	'18',	'dr. swaraj rajbhandari',	2,	'Bhotenamlang'),
(19,	'2015-05-02 00:00:00',	'19',	'dr. swaraj rajbhandari',	2,	'Bhotenamlang'),
(20,	'2015-05-04 00:00:00',	'20',	'urgen lama',	2,	'Melamchi'),
(21,	'2015-05-06 00:00:00',	'21',	'aashmi rana',	2,	'Budanilkantha'),
(22,	'2015-05-06 00:00:00',	'22',	'avishek shrestha',	2,	'Thankot'),
(23,	'2015-05-06 00:00:00',	'23',	'dhulikhel hospital',	2,	'Dhulikhel'),
(24,	'2015-05-06 00:00:00',	'24',	'gagan thapa',	2,	'Kapan'),
(25,	'2015-05-06 00:00:00',	'25',	'nikhil tuladhar',	2,	'Bhaktapur'),
(26,	'2015-05-06 00:00:00',	'26',	'pushpa basnet',	2,	'Budanilkantha'),
(27,	'2015-05-06 00:00:00',	'27',	'rijuta dahal (kehi garum)',	2,	'Kirtipur '),
(28,	'2015-05-06 00:00:00',	'28',	'urgen lama',	2,	'Melamchi'),
(29,	'2015-05-07 00:00:00',	'29',	'parmita shakya',	2,	'Nagarkot'),
(30,	'2015-05-07 00:00:00',	'30',	'utsav shakya',	2,	'Kuleshwor'),
(31,	'2015-05-07 00:00:00',	'31',	'gagan thapa',	2,	'Mahankal'),
(32,	'2015-05-07 00:00:00',	'32',	'pushpa basnet',	2,	'Budanilkantha'),
(33,	'2015-05-07 00:00:00',	'33',	'ankur agarwal',	2,	'Thakani'),
(34,	'2015-05-07 00:00:00',	'34',	'urgen lama',	2,	'Melamchi'),
(35,	'2015-05-07 00:00:00',	'35',	'ujwal shrestha',	2,	''),
(36,	'2015-05-08 00:00:00',	'36',	'lokesh todi',	2,	''),
(37,	'2015-05-08 00:00:00',	'37',	'urgen lama',	2,	'Melamchi'),
(38,	'2015-05-08 00:00:00',	'38',	'aashmi rana',	2,	'Budanilkantha'),
(39,	'2015-05-10 00:00:00',	'39',	'lokesh todi',	2,	'');

INSERT INTO `item_debug` (`item_id`, `item_name`, `item_qty`, `item_unit`, `w_id`, `item_cat_id`) VALUES
(1,	'baby food',	4,	'packets',	'5',	'14'),
(2,	'beans',	6,	'kg',	'5',	'14'),
(3,	'beaten rice',	2503,	'kg',	'5',	'14'),
(4,	'biscuits',	6537,	'packets',	'5',	'14'),
(5,	'blanket',	527,	'pieces',	'5',	'3'),
(6,	'clothes',	60,	'pieces',	'5',	'15'),
(7,	'coffee',	2,	'packets',	'5',	'14'),
(8,	'cooking oil',	100,	'l',	'5',	'14'),
(9,	'face mask',	2500,	'pieces',	'5',	'2'),
(10,	'flour',	11,	'kg',	'5',	'14'),
(11,	'gloves',	1515,	'pieces',	'5',	'2'),
(12,	'juice',	365,	'packets',	'5',	'14'),
(13,	'lentils',	1424,	'kg',	'5',	'14'),
(14,	'medicines',	900,	'pieces',	'5',	'4'),
(15,	'noodles',	6049,	'packets',	'5',	'14'),
(16,	'ors',	2140,	'packets',	'5',	'4'),
(17,	'pharmaceuticals',	400,	'pieces',	'5',	'4'),
(18,	'piyush water purifier',	40,	'pieces',	'5',	'2'),
(19,	'rice',	3241,	'kg',	'5',	'14'),
(20,	'salt',	472,	'kg',	'5',	'14'),
(21,	'sanitary pads',	282,	'packets',	'5',	'2'),
(22,	'snacks',	95,	'packets',	'5',	'14'),
(23,	'sugar',	102,	'kg',	'5',	'14'),
(24,	'tea',	10,	'kg',	'5',	'14'),
(25,	'toothbrush',	163,	'pieces',	'5',	'2'),
(26,	'toothpaste ',	163,	'pieces',	'5',	'2'),
(27,	'torchlight',	131,	'pieces',	'5',	'3'),
(28,	'towels',	24,	'pieces',	'5',	'2'),
(29,	'water',	938,	'l',	'5',	'14'),
(30,	'wipes',	10,	'pieces',	'5',	'2'),
(31,	'plastic roll',	3,	'rolls',	'5',	'3'),
(32,	'corn',	1,	'kg',	'5',	'14'),
(33,	'puffed rice',	47,	'kg',	'5',	'14'),
(34,	'tarp',	369,	'pieces',	'5',	'3'),
(35,	'tents',	193,	'pieces',	'5',	'3'),
(36,	'bhujia',	14,	'kg',	'5',	'14'),
(37,	'bread ',	60,	'packets',	'5',	'14'),
(38,	'charger',	1,	'pieces',	'5',	'16'),
(39,	'invertor',	1,	'pieces',	'5',	'16'),
(40,	'solar panels',	2,	'pieces',	'5',	'3'),
(41,	'chocolate',	2288,	'pieces',	'5',	'14'),
(42,	'glucose',	18,	'kg',	'5',	'14'),
(43,	'sheet cover',	3,	'pieces',	'5',	'3'),
(44,	'saline',	1000,	'l',	'5',	'4'),
(45,	'plaster of paris 4in',	142,	'pieces',	'5',	'4'),
(46,	'plaster of paris 6in',	79,	'pieces',	'5',	'4'),
(47,	'betadine',	4,	'pieces',	'5',	'4'),
(48,	'board marker',	4,	'pieces',	'5',	'16'),
(49,	'chlorine',	1,	'boxes',	'5',	'4'),
(50,	'cidex',	2,	'l',	'5',	'2'),
(51,	'dressing kit',	2,	'boxes',	'5',	'4'),
(52,	'elastoplast',	12,	'rolls',	'5',	'4'),
(53,	'hammer',	2,	'pieces',	'5',	'3'),
(54,	'hand sanitizer',	29,	'pieces',	'5',	'2'),
(55,	'hand shield',	2,	'pieces',	'5',	'4'),
(56,	'hexisol ',	1,	'boxes',	'5',	'4'),
(57,	'hydrogen peroxide',	1,	'l',	'5',	'4'),
(58,	'iv analgesics',	1,	'boxes',	'5',	'4'),
(59,	'iv antibiotics',	4,	'boxes',	'5',	'4'),
(60,	'iv metronidazole',	1,	'boxes',	'5',	'4'),
(61,	'leukoplast',	22,	'rolls',	'5',	'4'),
(62,	'mattress',	10,	'pieces',	'5',	'3'),
(63,	'microphone',	1,	'pieces',	'5',	'16'),
(64,	'mug ',	5,	'pieces',	'5',	'3'),
(65,	'notebook',	2,	'pieces',	'5',	'16'),
(66,	'paracetamol',	200,	'pieces',	'5',	'4'),
(67,	'permanent marker',	104,	'pieces',	'5',	'16'),
(68,	'pickaxe',	2,	'pieces',	'5',	'3'),
(69,	'plastic bag',	331,	'packets',	'5',	'3'),
(70,	'plier',	1,	'pieces',	'5',	'3'),
(71,	'ppi injection  ',	2,	'boxes',	'5',	'4'),
(72,	'ppi tablets',	1,	'boxes',	'5',	'4'),
(73,	'pulse oximeter',	1,	'pieces',	'5',	'4'),
(74,	'raincoat',	20,	'pieces',	'5',	'15'),
(75,	'scissor',	3,	'pieces',	'5',	'16'),
(76,	'shovel',	2,	'pieces',	'5',	'3'),
(77,	'sleeping bag',	20,	'pieces',	'5',	'3'),
(78,	'soap',	157,	'pieces',	'5',	'2'),
(79,	'spirit',	6,	'l',	'5',	'4'),
(80,	'surgical kit',	4,	'boxes',	'5',	'4'),
(81,	'thermometer',	2,	'pieces',	'5',	'4'),
(82,	'toilet paper',	12,	'rolls',	'5',	'2'),
(83,	'virex',	20,	'pieces',	'5',	'2'),
(84,	'vitamins',	1,	'boxes',	'5',	'4'),
(85,	'cotton',	206,	'pieces',	'5',	'4'),
(86,	'flagyl',	80,	'pieces',	'5',	'4'),
(87,	'gauze',	813,	'pieces',	'5',	'4'),
(88,	'milk',	50,	'kg',	'5',	'14'),
(89,	'plaster of paris 15cm',	288,	'pieces',	'5',	'4'),
(90,	'povidone iodine',	125,	'pieces',	'5',	'4'),
(91,	'syringe ',	4750,	'pieces',	'5',	'4'),
(92,	'tragesic',	80,	'pieces',	'5',	'4'),
(93,	'valfen',	1000,	'pieces',	'5',	'4'),
(94,	'water purification tablets',	620,	' pieces',	'5',	'2'),
(95,	'spices',	1,	'packets',	'5',	'14'),
(96,	'amoxicillin injection',	19,	'pieces',	'5',	'4'),
(97,	'bandage',	12,	'pieces',	'5',	'4'),
(98,	'blood transfusion set',	8,	'pieces',	'5',	'4'),
(99,	'cefepime injection',	2,	'pieces',	'5',	'4'),
(100,	'ceftriaxone injection',	222,	'pieces',	'5',	'4'),
(101,	'cefuroxime injection',	90,	'pieces',	'5',	'4'),
(102,	'ciprofloxacin injection',	20,	'pieces',	'5',	'4'),
(103,	'diclofenac injection',	1030,	'pieces',	'5',	'4'),
(104,	'flucloxacillin injection',	16,	'pieces',	'5',	'4'),
(105,	'gentamicin injection',	14,	'pieces',	'5',	'4'),
(106,	'hydrocortisone injection',	11,	'pieces',	'5',	'4'),
(107,	'hyoscine butylbromide',	7,	'pieces',	'5',	'4'),
(108,	'infusion set',	65,	'pieces',	'5',	'4'),
(109,	'intravenous cannula ',	300,	'pieces',	'5',	'4'),
(110,	'ketorolac 30mg',	318,	'pieces',	'5',	'4'),
(111,	'metronidazole injection',	29,	'pieces',	'5',	'4'),
(112,	'scalpe vein set',	100,	'pieces',	'5',	'4'),
(113,	'surgical blade',	1,	'boxes',	'5',	'4'),
(114,	'swab roll',	1,	'boxes',	'5',	'4'),
(115,	'tiemonium injection',	63,	'pieces',	'5',	'4'),
(116,	'tramadol injection',	40,	'pieces',	'5',	'4'),
(117,	'insect repellant',	3,	'pieces',	'5',	'2'),
(118,	'lactogen',	18,	'pieces',	'5',	'14');



INSERT INTO `item_cluster_debug` (`item_cluster_id`, `item_id`, `cluster_item_qty`, `item_name`, `pkg_id`) VALUES
(1,	1,	4,	'baby food',	'Global Shapers/Child Reach Nepal[Urgen Lama][2015-04-28]'),
(2,	2,	3,	'beans',	'Global Shapers/Child Reach Nepal[Urgen Lama][2015-04-28]'),
(3,	2,	3,	'beans',	'Global Shapers/Child Reach Nepal[Urgen Lama][2015-04-28]'),
(4,	3,	5,	'beaten rice',	'Global Shapers/Child Reach Nepal[Urgen Lama][2015-04-28]'),
(5,	4,	192,	'biscuits',	'Global Shapers/Child Reach Nepal[Urgen Lama][2015-04-28]'),
(6,	4,	30,	'biscuits',	'Global Shapers/Child Reach Nepal[Urgen Lama][2015-04-28]'),
(7,	4,	15,	'biscuits',	'Global Shapers/Child Reach Nepal[Urgen Lama][2015-04-28]'),
(8,	5,	42,	'blanket',	'Global Shapers/Child Reach Nepal[Urgen Lama][2015-04-28]'),
(9,	6,	12,	'clothes',	'Global Shapers/Child Reach Nepal[Urgen Lama][2015-04-28]'),
(10,	6,	12,	'clothes',	'Global Shapers/Child Reach Nepal[Urgen Lama][2015-04-28]'),
(11,	7,	2,	'coffee',	'Global Shapers/Child Reach Nepal[Urgen Lama][2015-04-28]'),
(12,	8,	20,	'cooking oil',	'Global Shapers/Child Reach Nepal[Urgen Lama][2015-04-28]'),
(13,	8,	60,	'cooking oil',	'Global Shapers/Child Reach Nepal[Urgen Lama][2015-04-28]'),
(14,	8,	15,	'cooking oil',	'Global Shapers/Child Reach Nepal[Urgen Lama][2015-04-28]'),
(15,	9,	100,	'face mask',	'Global Shapers/Child Reach Nepal[Urgen Lama][2015-04-28]'),
(16,	10,	6,	'flour',	'Global Shapers/Child Reach Nepal[Urgen Lama][2015-04-28]'),
(17,	11,	100,	'gloves',	'Global Shapers/Child Reach Nepal[Urgen Lama][2015-04-28]'),
(18,	12,	40,	'juice',	'Global Shapers/Child Reach Nepal[Urgen Lama][2015-04-28]'),
(19,	12,	120,	'juice',	'Global Shapers/Child Reach Nepal[Urgen Lama][2015-04-28]'),
(20,	12,	120,	'juice',	'Global Shapers/Child Reach Nepal[Urgen Lama][2015-04-28]'),
(21,	13,	60,	'lentils',	'Global Shapers/Child Reach Nepal[Urgen Lama][2015-04-28]'),
(22,	13,	150,	'lentils',	'Global Shapers/Child Reach Nepal[Urgen Lama][2015-04-28]'),
(23,	13,	25,	'lentils',	'Global Shapers/Child Reach Nepal[Urgen Lama][2015-04-28]'),
(24,	14,	100,	'medicines',	'Global Shapers/Child Reach Nepal[Urgen Lama][2015-04-28]'),
(25,	14,	400,	'medicines',	'Global Shapers/Child Reach Nepal[Urgen Lama][2015-04-28]'),
(26,	15,	900,	'noodles',	'Global Shapers/Child Reach Nepal[Urgen Lama][2015-04-28]'),
(27,	16,	600,	'ors',	'Global Shapers/Child Reach Nepal[Urgen Lama][2015-04-28]'),
(28,	17,	300,	'pharmaceuticals',	'Global Shapers/Child Reach Nepal[Urgen Lama][2015-04-28]'),
(29,	18,	10,	'piyush water purifier',	'Global Shapers/Child Reach Nepal[Urgen Lama][2015-04-28]'),
(30,	19,	120,	'rice',	'Global Shapers/Child Reach Nepal[Urgen Lama][2015-04-28]'),
(31,	19,	900,	'rice',	'Global Shapers/Child Reach Nepal[Urgen Lama][2015-04-28]'),
(32,	19,	5,	'rice',	'Global Shapers/Child Reach Nepal[Urgen Lama][2015-04-28]'),
(33,	19,	30,	'rice',	'Global Shapers/Child Reach Nepal[Urgen Lama][2015-04-28]'),
(34,	20,	1,	'salt',	'Global Shapers/Child Reach Nepal[Urgen Lama][2015-04-28]'),
(35,	20,	12,	'salt',	'Global Shapers/Child Reach Nepal[Urgen Lama][2015-04-28]'),
(36,	21,	70,	'sanitary pads',	'Global Shapers/Child Reach Nepal[Urgen Lama][2015-04-28]'),
(37,	22,	12,	'snacks',	'Global Shapers/Child Reach Nepal[Urgen Lama][2015-04-28]'),
(38,	22,	12,	'snacks',	'Global Shapers/Child Reach Nepal[Urgen Lama][2015-04-28]'),
(39,	22,	12,	'snacks',	'Global Shapers/Child Reach Nepal[Urgen Lama][2015-04-28]'),
(40,	23,	2,	'sugar',	'Global Shapers/Child Reach Nepal[Urgen Lama][2015-04-28]'),
(41,	24,	10,	'tea',	'Global Shapers/Child Reach Nepal[Urgen Lama][2015-04-28]'),
(42,	25,	24,	'toothbrush',	'Global Shapers/Child Reach Nepal[Urgen Lama][2015-04-28]'),
(43,	26,	24,	'toothpaste ',	'Global Shapers/Child Reach Nepal[Urgen Lama][2015-04-28]'),
(44,	27,	24,	'torchlight',	'Global Shapers/Child Reach Nepal[Urgen Lama][2015-04-28]'),
(45,	28,	24,	'towels',	'Global Shapers/Child Reach Nepal[Urgen Lama][2015-04-28]'),
(46,	29,	16,	'water',	'Global Shapers/Child Reach Nepal[Urgen Lama][2015-04-28]'),
(47,	29,	132,	'water',	'Global Shapers/Child Reach Nepal[Urgen Lama][2015-04-28]'),
(48,	30,	10,	'wipes',	'Global Shapers/Child Reach Nepal[Urgen Lama][2015-04-28]'),
(49,	5,	24,	'blanket',	'Global Shapers/Child Reach Nepal[Avishek Shrestha][2015-04-29]'),
(50,	13,	75,	'lentils',	'Global Shapers/Child Reach Nepal[Avishek Shrestha][2015-04-29]'),
(51,	19,	50,	'rice',	'Global Shapers/Child Reach Nepal[Avishek Shrestha][2015-04-29]'),
(52,	29,	24,	'water',	'Global Shapers/Child Reach Nepal[Avishek Shrestha][2015-04-29]'),
(53,	17,	100,	'pharmaceuticals',	'Global Shapers/Child Reach Nepal[Nikhil Tuladhar][2015-04-29]'),
(54,	31,	3,	'plastic roll',	'Global Shapers/Child Reach Nepal[Nikhil Tuladhar][2015-04-29]'),
(55,	29,	14,	'water',	'Global Shapers/Child Reach Nepal[Nikhil Tuladhar][2015-04-29]'),
(56,	5,	2,	'blanket',	'Global Shapers/Child Reach Nepal[Pushpa Basnet][2015-04-29]'),
(57,	8,	0,	'cooking oil',	'Global Shapers/Child Reach Nepal[Pushpa Basnet][2015-04-29]'),
(58,	32,	1,	'corn',	'Global Shapers/Child Reach Nepal[Pushpa Basnet][2015-04-29]'),
(59,	22,	12,	'snacks',	'Global Shapers/Child Reach Nepal[Pushpa Basnet][2015-04-29]'),
(60,	22,	5,	'snacks',	'Global Shapers/Child Reach Nepal[Pushpa Basnet][2015-04-29]'),
(61,	22,	8,	'snacks',	'Global Shapers/Child Reach Nepal[Pushpa Basnet][2015-04-29]'),
(62,	22,	12,	'snacks',	'Global Shapers/Child Reach Nepal[Pushpa Basnet][2015-04-29]'),
(63,	15,	120,	'noodles',	'Global Shapers/Child Reach Nepal[Amul and Kumar Dahal ][2015-04-30]'),
(64,	18,	5,	'piyush water purifier',	'Global Shapers/Child Reach Nepal[Amul and Kumar Dahal ][2015-04-30]'),
(65,	33,	3,	'puffed rice',	'Global Shapers/Child Reach Nepal[Amul and Kumar Dahal ][2015-04-30]'),
(66,	34,	10,	'tarp',	'Global Shapers/Child Reach Nepal[Amul and Kumar Dahal ][2015-04-30]'),
(67,	35,	2,	'tents',	'Global Shapers/Child Reach Nepal[Avishek Shrestha][2015-04-30]'),
(68,	3,	20,	'beaten rice',	'Global Shapers/Child Reach Nepal[Avishek Shrestha][2015-04-30]'),
(69,	3,	20,	'beaten rice',	'Global Shapers/Child Reach Nepal[Avishek Shrestha][2015-04-30]'),
(70,	35,	2,	'tents',	'Global Shapers/Child Reach Nepal[Avishek Shrestha][2015-04-30]'),
(71,	35,	1,	'tents',	'Global Shapers/Child Reach Nepal[Avishek Shrestha][2015-04-30]'),
(72,	36,	2,	'bhujia',	'Global Shapers/Child Reach Nepal[Gagan Thapa][2015-04-30]'),
(73,	4,	40,	'biscuits',	'Global Shapers/Child Reach Nepal[Gagan Thapa][2015-04-30]'),
(74,	4,	40,	'biscuits',	'Global Shapers/Child Reach Nepal[Gagan Thapa][2015-04-30]'),
(75,	4,	40,	'biscuits',	'Global Shapers/Child Reach Nepal[Gagan Thapa][2015-04-30]'),
(76,	13,	5,	'lentils',	'Global Shapers/Child Reach Nepal[Gagan Thapa][2015-04-30]'),
(77,	13,	20,	'lentils',	'Global Shapers/Child Reach Nepal[Gagan Thapa][2015-04-30]'),
(78,	18,	1,	'piyush water purifier',	'Global Shapers/Child Reach Nepal[Gagan Thapa][2015-04-30]'),
(79,	19,	25,	'rice',	'Global Shapers/Child Reach Nepal[Gagan Thapa][2015-04-30]'),
(80,	19,	5,	'rice',	'Global Shapers/Child Reach Nepal[Gagan Thapa][2015-04-30]'),
(81,	19,	20,	'rice',	'Global Shapers/Child Reach Nepal[Gagan Thapa][2015-04-30]'),
(82,	34,	10,	'tarp',	'Global Shapers/Child Reach Nepal[Gagan Thapa][2015-04-30]'),
(83,	35,	12,	'tents',	'Global Shapers/Child Reach Nepal[Gagan Thapa][2015-04-30]'),
(84,	3,	40,	'beaten rice',	'Global Shapers/Child Reach Nepal[Gagan Thapa][2015-04-30]'),
(85,	36,	2,	'bhujia',	'Global Shapers/Child Reach Nepal[Gagan Thapa][2015-04-30]'),
(86,	4,	40,	'biscuits',	'Global Shapers/Child Reach Nepal[Gagan Thapa][2015-04-30]'),
(87,	4,	40,	'biscuits',	'Global Shapers/Child Reach Nepal[Gagan Thapa][2015-04-30]'),
(88,	4,	40,	'biscuits',	'Global Shapers/Child Reach Nepal[Gagan Thapa][2015-04-30]'),
(89,	37,	30,	'bread ',	'Global Shapers/Child Reach Nepal[Gagan Thapa][2015-04-30]'),
(90,	13,	10,	'lentils',	'Global Shapers/Child Reach Nepal[Gagan Thapa][2015-04-30]'),
(91,	13,	20,	'lentils',	'Global Shapers/Child Reach Nepal[Gagan Thapa][2015-04-30]'),
(92,	18,	2,	'piyush water purifier',	'Global Shapers/Child Reach Nepal[Gagan Thapa][2015-04-30]'),
(93,	19,	25,	'rice',	'Global Shapers/Child Reach Nepal[Gagan Thapa][2015-04-30]'),
(94,	19,	5,	'rice',	'Global Shapers/Child Reach Nepal[Gagan Thapa][2015-04-30]'),
(95,	19,	15,	'rice',	'Global Shapers/Child Reach Nepal[Gagan Thapa][2015-04-30]'),
(96,	34,	15,	'tarp',	'Global Shapers/Child Reach Nepal[Gagan Thapa][2015-04-30]'),
(97,	34,	30,	'tarp',	'Global Shapers/Child Reach Nepal[Gagan Thapa][2015-04-30]'),
(98,	35,	12,	'tents',	'Global Shapers/Child Reach Nepal[Gagan Thapa][2015-04-30]'),
(99,	3,	40,	'beaten rice',	'Global Shapers/Child Reach Nepal[Gagan Thapa][2015-04-30]'),
(100,	36,	2,	'bhujia',	'Global Shapers/Child Reach Nepal[Gagan Thapa][2015-04-30]'),
(101,	4,	40,	'biscuits',	'Global Shapers/Child Reach Nepal[Gagan Thapa][2015-04-30]'),
(102,	4,	40,	'biscuits',	'Global Shapers/Child Reach Nepal[Gagan Thapa][2015-04-30]'),
(103,	4,	40,	'biscuits',	'Global Shapers/Child Reach Nepal[Gagan Thapa][2015-04-30]'),
(104,	37,	30,	'bread ',	'Global Shapers/Child Reach Nepal[Gagan Thapa][2015-04-30]'),
(105,	13,	10,	'lentils',	'Global Shapers/Child Reach Nepal[Gagan Thapa][2015-04-30]'),
(106,	13,	20,	'lentils',	'Global Shapers/Child Reach Nepal[Gagan Thapa][2015-04-30]'),
(107,	18,	2,	'piyush water purifier',	'Global Shapers/Child Reach Nepal[Gagan Thapa][2015-04-30]'),
(108,	19,	25,	'rice',	'Global Shapers/Child Reach Nepal[Gagan Thapa][2015-04-30]'),
(109,	19,	10,	'rice',	'Global Shapers/Child Reach Nepal[Gagan Thapa][2015-04-30]'),
(110,	19,	15,	'rice',	'Global Shapers/Child Reach Nepal[Gagan Thapa][2015-04-30]'),
(111,	34,	15,	'tarp',	'Global Shapers/Child Reach Nepal[Gagan Thapa][2015-04-30]'),
(112,	34,	30,	'tarp',	'Global Shapers/Child Reach Nepal[Gagan Thapa][2015-04-30]'),
(113,	35,	12,	'tents',	'Global Shapers/Child Reach Nepal[Gagan Thapa][2015-04-30]'),
(114,	3,	150,	'beaten rice',	'Global Shapers/Child Reach Nepal[Sony KC][2015-04-30]'),
(115,	15,	120,	'noodles',	'Global Shapers/Child Reach Nepal[Sony KC][2015-04-30]'),
(116,	18,	5,	'piyush water purifier',	'Global Shapers/Child Reach Nepal[Sony KC][2015-04-30]'),
(117,	9,	120,	'face mask',	'Global Shapers/Child Reach Nepal[Sprisha Devkota][2015-04-30]'),
(118,	11,	20,	'gloves',	'Global Shapers/Child Reach Nepal[Sprisha Devkota][2015-04-30]'),
(119,	15,	24,	'noodles',	'Global Shapers/Child Reach Nepal[Sprisha Devkota][2015-04-30]'),
(120,	16,	10,	'ors',	'Global Shapers/Child Reach Nepal[Sprisha Devkota][2015-04-30]'),
(121,	18,	1,	'piyush water purifier',	'Global Shapers/Child Reach Nepal[Sprisha Devkota][2015-04-30]'),
(122,	33,	1,	'puffed rice',	'Global Shapers/Child Reach Nepal[Sprisha Devkota][2015-04-30]'),
(123,	3,	60,	'beaten rice',	'Global Shapers/Child Reach Nepal[Sprisha Devkota][2015-04-30]'),
(124,	9,	120,	'face mask',	'Global Shapers/Child Reach Nepal[Sprisha Devkota][2015-04-30]'),
(125,	11,	20,	'gloves',	'Global Shapers/Child Reach Nepal[Sprisha Devkota][2015-04-30]'),
(126,	15,	24,	'noodles',	'Global Shapers/Child Reach Nepal[Sprisha Devkota][2015-04-30]'),
(127,	16,	10,	'ors',	'Global Shapers/Child Reach Nepal[Sprisha Devkota][2015-04-30]'),
(128,	18,	1,	'piyush water purifier',	'Global Shapers/Child Reach Nepal[Sprisha Devkota][2015-04-30]'),
(129,	33,	1,	'puffed rice',	'Global Shapers/Child Reach Nepal[Sprisha Devkota][2015-04-30]'),
(130,	3,	60,	'beaten rice',	'Global Shapers/Child Reach Nepal[Sprisha Devkota][2015-04-30]'),
(131,	9,	120,	'face mask',	'Global Shapers/Child Reach Nepal[Sprisha Devkota][2015-04-30]'),
(132,	11,	20,	'gloves',	'Global Shapers/Child Reach Nepal[Sprisha Devkota][2015-04-30]'),
(133,	15,	24,	'noodles',	'Global Shapers/Child Reach Nepal[Sprisha Devkota][2015-04-30]'),
(134,	16,	10,	'ors',	'Global Shapers/Child Reach Nepal[Sprisha Devkota][2015-04-30]'),
(135,	18,	1,	'piyush water purifier',	'Global Shapers/Child Reach Nepal[Sprisha Devkota][2015-04-30]'),
(136,	33,	1,	'puffed rice',	'Global Shapers/Child Reach Nepal[Sprisha Devkota][2015-04-30]'),
(137,	3,	60,	'beaten rice',	'Global Shapers/Child Reach Nepal[Sprisha Devkota][2015-04-30]'),
(138,	9,	120,	'face mask',	'Global Shapers/Child Reach Nepal[Sprisha Devkota][2015-04-30]'),
(139,	11,	20,	'gloves',	'Global Shapers/Child Reach Nepal[Sprisha Devkota][2015-04-30]'),
(140,	15,	24,	'noodles',	'Global Shapers/Child Reach Nepal[Sprisha Devkota][2015-04-30]'),
(141,	16,	10,	'ors',	'Global Shapers/Child Reach Nepal[Sprisha Devkota][2015-04-30]'),
(142,	18,	1,	'piyush water purifier',	'Global Shapers/Child Reach Nepal[Sprisha Devkota][2015-04-30]'),
(143,	33,	1,	'puffed rice',	'Global Shapers/Child Reach Nepal[Sprisha Devkota][2015-04-30]'),
(144,	3,	60,	'beaten rice',	'Global Shapers/Child Reach Nepal[Sprisha Devkota][2015-04-30]'),
(145,	9,	120,	'face mask',	'Global Shapers/Child Reach Nepal[Sprisha Devkota][2015-04-30]'),
(146,	11,	20,	'gloves',	'Global Shapers/Child Reach Nepal[Sprisha Devkota][2015-04-30]'),
(147,	15,	24,	'noodles',	'Global Shapers/Child Reach Nepal[Sprisha Devkota][2015-04-30]'),
(148,	16,	10,	'ors',	'Global Shapers/Child Reach Nepal[Sprisha Devkota][2015-04-30]'),
(149,	18,	1,	'piyush water purifier',	'Global Shapers/Child Reach Nepal[Sprisha Devkota][2015-04-30]'),
(150,	33,	1,	'puffed rice',	'Global Shapers/Child Reach Nepal[Sprisha Devkota][2015-04-30]'),
(151,	3,	300,	'beaten rice',	'Global Shapers/Child Reach Nepal[Urgen Lama][2015-04-30]'),
(152,	36,	8,	'bhujia',	'Global Shapers/Child Reach Nepal[Urgen Lama][2015-04-30]'),
(153,	38,	1,	'charger',	'Global Shapers/Child Reach Nepal[Urgen Lama][2015-04-30]'),
(154,	39,	1,	'invertor',	'Global Shapers/Child Reach Nepal[Urgen Lama][2015-04-30]'),
(155,	15,	360,	'noodles',	'Global Shapers/Child Reach Nepal[Urgen Lama][2015-04-30]'),
(156,	18,	10,	'piyush water purifier',	'Global Shapers/Child Reach Nepal[Urgen Lama][2015-04-30]'),
(157,	33,	4,	'puffed rice',	'Global Shapers/Child Reach Nepal[Urgen Lama][2015-04-30]'),
(158,	33,	30,	'puffed rice',	'Global Shapers/Child Reach Nepal[Urgen Lama][2015-04-30]'),
(159,	40,	2,	'solar panels',	'Global Shapers/Child Reach Nepal[Urgen Lama][2015-04-30]'),
(160,	29,	48,	'water',	'Global Shapers/Child Reach Nepal[Urgen Lama][2015-04-30]'),
(161,	34,	40,	'tarp',	'Global Shapers/Child Reach Nepal[Urgen Lama][2015-04-30]'),
(162,	4,	480,	'biscuits',	'Global Shapers/Child Reach Nepal[Aashmi Rana][2015-05-01]'),
(163,	5,	2,	'blanket',	'Global Shapers/Child Reach Nepal[Aashmi Rana][2015-05-01]'),
(164,	41,	1000,	'chocolate',	'Global Shapers/Child Reach Nepal[Aashmi Rana][2015-05-01]'),
(165,	42,	3,	'glucose',	'Global Shapers/Child Reach Nepal[Aashmi Rana][2015-05-01]'),
(166,	13,	25,	'lentils',	'Global Shapers/Child Reach Nepal[Aashmi Rana][2015-05-01]'),
(167,	15,	180,	'noodles',	'Global Shapers/Child Reach Nepal[Aashmi Rana][2015-05-01]'),
(168,	19,	60,	'rice',	'Global Shapers/Child Reach Nepal[Aashmi Rana][2015-05-01]'),
(169,	43,	3,	'sheet cover',	'Global Shapers/Child Reach Nepal[Aashmi Rana][2015-05-01]'),
(170,	13,	60,	'lentils',	'Global Shapers/Child Reach Nepal[Nikhil Tuladhar][2015-05-01]'),
(171,	15,	90,	'noodles',	'Global Shapers/Child Reach Nepal[Nikhil Tuladhar][2015-05-01]'),
(172,	33,	2,	'puffed rice',	'Global Shapers/Child Reach Nepal[Nikhil Tuladhar][2015-05-01]'),
(173,	19,	60,	'rice',	'Global Shapers/Child Reach Nepal[Silver Mountain][2015-05-01]'),
(174,	44,	1000,	'saline',	'Global Shapers, Dhaka[Dhulikhel Hospital][2015-05-02]'),
(175,	9,	300,	'face mask',	'Global Shapers, Dhaka[Dhulikhel Hospital][2015-05-02]'),
(176,	45,	70,	'plaster of paris 4in',	'Global Shapers, Dhaka[Dhulikhel Hospital][2015-05-02]'),
(177,	46,	40,	'plaster of paris 6in',	'Global Shapers, Dhaka[Dhulikhel Hospital][2015-05-02]'),
(178,	3,	210,	'beaten rice',	'Univerisyt of Science and Technology Chittagong (USTC), Nepali Medical Interns[Dr. Swaraj Rajbhandari][2015-05-02]'),
(179,	47,	4,	'betadine',	'Univerisyt of Science and Technology Chittagong (USTC), Nepali Medical Interns[Dr. Swaraj Rajbhandari][2015-05-02]'),
(180,	4,	360,	'biscuits',	'Univerisyt of Science and Technology Chittagong (USTC), Nepali Medical Interns[Dr. Swaraj Rajbhandari][2015-05-02]'),
(181,	4,	5,	'biscuits',	'Univerisyt of Science and Technology Chittagong (USTC), Nepali Medical Interns[Dr. Swaraj Rajbhandari][2015-05-02]'),
(182,	4,	5,	'biscuits',	'Univerisyt of Science and Technology Chittagong (USTC), Nepali Medical Interns[Dr. Swaraj Rajbhandari][2015-05-02]'),
(183,	5,	95,	'blanket',	'Univerisyt of Science and Technology Chittagong (USTC), Nepali Medical Interns[Dr. Swaraj Rajbhandari][2015-05-02]'),
(184,	48,	4,	'board marker',	'Univerisyt of Science and Technology Chittagong (USTC), Nepali Medical Interns[Dr. Swaraj Rajbhandari][2015-05-02]'),
(185,	49,	1,	'chlorine',	'Univerisyt of Science and Technology Chittagong (USTC), Nepali Medical Interns[Dr. Swaraj Rajbhandari][2015-05-02]'),
(186,	50,	1,	'cidex',	'Univerisyt of Science and Technology Chittagong (USTC), Nepali Medical Interns[Dr. Swaraj Rajbhandari][2015-05-02]'),
(187,	50,	1,	'cidex',	'Univerisyt of Science and Technology Chittagong (USTC), Nepali Medical Interns[Dr. Swaraj Rajbhandari][2015-05-02]'),
(188,	8,	5,	'cooking oil',	'Univerisyt of Science and Technology Chittagong (USTC), Nepali Medical Interns[Dr. Swaraj Rajbhandari][2015-05-02]'),
(189,	51,	2,	'dressing kit',	'Univerisyt of Science and Technology Chittagong (USTC), Nepali Medical Interns[Dr. Swaraj Rajbhandari][2015-05-02]'),
(190,	52,	12,	'elastoplast',	'Univerisyt of Science and Technology Chittagong (USTC), Nepali Medical Interns[Dr. Swaraj Rajbhandari][2015-05-02]'),
(191,	9,	600,	'face mask',	'Univerisyt of Science and Technology Chittagong (USTC), Nepali Medical Interns[Dr. Swaraj Rajbhandari][2015-05-02]'),
(192,	11,	400,	'gloves',	'Univerisyt of Science and Technology Chittagong (USTC), Nepali Medical Interns[Dr. Swaraj Rajbhandari][2015-05-02]'),
(193,	11,	300,	'gloves',	'Univerisyt of Science and Technology Chittagong (USTC), Nepali Medical Interns[Dr. Swaraj Rajbhandari][2015-05-02]'),
(194,	11,	5,	'gloves',	'Univerisyt of Science and Technology Chittagong (USTC), Nepali Medical Interns[Dr. Swaraj Rajbhandari][2015-05-02]'),
(195,	53,	2,	'hammer',	'Univerisyt of Science and Technology Chittagong (USTC), Nepali Medical Interns[Dr. Swaraj Rajbhandari][2015-05-02]'),
(196,	54,	8,	'hand sanitizer',	'Univerisyt of Science and Technology Chittagong (USTC), Nepali Medical Interns[Dr. Swaraj Rajbhandari][2015-05-02]'),
(197,	55,	2,	'hand shield',	'Univerisyt of Science and Technology Chittagong (USTC), Nepali Medical Interns[Dr. Swaraj Rajbhandari][2015-05-02]'),
(198,	56,	1,	'hexisol ',	'Univerisyt of Science and Technology Chittagong (USTC), Nepali Medical Interns[Dr. Swaraj Rajbhandari][2015-05-02]'),
(199,	57,	1,	'hydrogen peroxide',	'Univerisyt of Science and Technology Chittagong (USTC), Nepali Medical Interns[Dr. Swaraj Rajbhandari][2015-05-02]'),
(200,	58,	1,	'iv analgesics',	'Univerisyt of Science and Technology Chittagong (USTC), Nepali Medical Interns[Dr. Swaraj Rajbhandari][2015-05-02]'),
(201,	59,	4,	'iv antibiotics',	'Univerisyt of Science and Technology Chittagong (USTC), Nepali Medical Interns[Dr. Swaraj Rajbhandari][2015-05-02]'),
(202,	60,	1,	'iv metronidazole',	'Univerisyt of Science and Technology Chittagong (USTC), Nepali Medical Interns[Dr. Swaraj Rajbhandari][2015-05-02]'),
(203,	12,	5,	'juice',	'Univerisyt of Science and Technology Chittagong (USTC), Nepali Medical Interns[Dr. Swaraj Rajbhandari][2015-05-02]'),
(204,	12,	80,	'juice',	'Univerisyt of Science and Technology Chittagong (USTC), Nepali Medical Interns[Dr. Swaraj Rajbhandari][2015-05-02]'),
(205,	61,	22,	'leukoplast',	'Univerisyt of Science and Technology Chittagong (USTC), Nepali Medical Interns[Dr. Swaraj Rajbhandari][2015-05-02]'),
(206,	62,	2,	'mattress',	'Univerisyt of Science and Technology Chittagong (USTC), Nepali Medical Interns[Dr. Swaraj Rajbhandari][2015-05-02]'),
(207,	62,	8,	'mattress',	'Univerisyt of Science and Technology Chittagong (USTC), Nepali Medical Interns[Dr. Swaraj Rajbhandari][2015-05-02]'),
(208,	14,	300,	'medicines',	'Univerisyt of Science and Technology Chittagong (USTC), Nepali Medical Interns[Dr. Swaraj Rajbhandari][2015-05-02]'),
(209,	63,	1,	'microphone',	'Univerisyt of Science and Technology Chittagong (USTC), Nepali Medical Interns[Dr. Swaraj Rajbhandari][2015-05-02]'),
(210,	64,	5,	'mug ',	'Univerisyt of Science and Technology Chittagong (USTC), Nepali Medical Interns[Dr. Swaraj Rajbhandari][2015-05-02]'),
(211,	15,	90,	'noodles',	'Univerisyt of Science and Technology Chittagong (USTC), Nepali Medical Interns[Dr. Swaraj Rajbhandari][2015-05-02]'),
(212,	15,	34,	'noodles',	'Univerisyt of Science and Technology Chittagong (USTC), Nepali Medical Interns[Dr. Swaraj Rajbhandari][2015-05-02]'),
(213,	15,	5,	'noodles',	'Univerisyt of Science and Technology Chittagong (USTC), Nepali Medical Interns[Dr. Swaraj Rajbhandari][2015-05-02]'),
(214,	15,	90,	'noodles',	'Univerisyt of Science and Technology Chittagong (USTC), Nepali Medical Interns[Dr. Swaraj Rajbhandari][2015-05-02]'),
(215,	65,	2,	'notebook',	'Univerisyt of Science and Technology Chittagong (USTC), Nepali Medical Interns[Dr. Swaraj Rajbhandari][2015-05-02]'),
(216,	16,	300,	'ors',	'Univerisyt of Science and Technology Chittagong (USTC), Nepali Medical Interns[Dr. Swaraj Rajbhandari][2015-05-02]'),
(217,	66,	100,	'paracetamol',	'Univerisyt of Science and Technology Chittagong (USTC), Nepali Medical Interns[Dr. Swaraj Rajbhandari][2015-05-02]'),
(218,	67,	4,	'permanent marker',	'Univerisyt of Science and Technology Chittagong (USTC), Nepali Medical Interns[Dr. Swaraj Rajbhandari][2015-05-02]'),
(219,	68,	2,	'pickaxe',	'Univerisyt of Science and Technology Chittagong (USTC), Nepali Medical Interns[Dr. Swaraj Rajbhandari][2015-05-02]'),
(220,	69,	10,	'plastic bag',	'Univerisyt of Science and Technology Chittagong (USTC), Nepali Medical Interns[Dr. Swaraj Rajbhandari][2015-05-02]'),
(221,	69,	200,	'plastic bag',	'Univerisyt of Science and Technology Chittagong (USTC), Nepali Medical Interns[Dr. Swaraj Rajbhandari][2015-05-02]'),
(222,	69,	100,	'plastic bag',	'Univerisyt of Science and Technology Chittagong (USTC), Nepali Medical Interns[Dr. Swaraj Rajbhandari][2015-05-02]'),
(223,	70,	1,	'plier',	'Univerisyt of Science and Technology Chittagong (USTC), Nepali Medical Interns[Dr. Swaraj Rajbhandari][2015-05-02]'),
(224,	71,	2,	'ppi injection  ',	'Univerisyt of Science and Technology Chittagong (USTC), Nepali Medical Interns[Dr. Swaraj Rajbhandari][2015-05-02]'),
(225,	72,	1,	'ppi tablets',	'Univerisyt of Science and Technology Chittagong (USTC), Nepali Medical Interns[Dr. Swaraj Rajbhandari][2015-05-02]'),
(226,	73,	1,	'pulse oximeter',	'Univerisyt of Science and Technology Chittagong (USTC), Nepali Medical Interns[Dr. Swaraj Rajbhandari][2015-05-02]'),
(227,	74,	20,	'raincoat',	'Univerisyt of Science and Technology Chittagong (USTC), Nepali Medical Interns[Dr. Swaraj Rajbhandari][2015-05-02]'),
(228,	19,	200,	'rice',	'Univerisyt of Science and Technology Chittagong (USTC), Nepali Medical Interns[Dr. Swaraj Rajbhandari][2015-05-02]'),
(229,	20,	15,	'salt',	'Univerisyt of Science and Technology Chittagong (USTC), Nepali Medical Interns[Dr. Swaraj Rajbhandari][2015-05-02]'),
(230,	21,	70,	'sanitary pads',	'Univerisyt of Science and Technology Chittagong (USTC), Nepali Medical Interns[Dr. Swaraj Rajbhandari][2015-05-02]'),
(231,	75,	3,	'scissor',	'Univerisyt of Science and Technology Chittagong (USTC), Nepali Medical Interns[Dr. Swaraj Rajbhandari][2015-05-02]'),
(232,	76,	2,	'shovel',	'Univerisyt of Science and Technology Chittagong (USTC), Nepali Medical Interns[Dr. Swaraj Rajbhandari][2015-05-02]'),
(233,	77,	20,	'sleeping bag',	'Univerisyt of Science and Technology Chittagong (USTC), Nepali Medical Interns[Dr. Swaraj Rajbhandari][2015-05-02]'),
(234,	22,	10,	'snacks',	'Univerisyt of Science and Technology Chittagong (USTC), Nepali Medical Interns[Dr. Swaraj Rajbhandari][2015-05-02]'),
(235,	22,	5,	'snacks',	'Univerisyt of Science and Technology Chittagong (USTC), Nepali Medical Interns[Dr. Swaraj Rajbhandari][2015-05-02]'),
(236,	22,	4,	'snacks',	'Univerisyt of Science and Technology Chittagong (USTC), Nepali Medical Interns[Dr. Swaraj Rajbhandari][2015-05-02]'),
(237,	22,	3,	'snacks',	'Univerisyt of Science and Technology Chittagong (USTC), Nepali Medical Interns[Dr. Swaraj Rajbhandari][2015-05-02]'),
(238,	78,	6,	'soap',	'Univerisyt of Science and Technology Chittagong (USTC), Nepali Medical Interns[Dr. Swaraj Rajbhandari][2015-05-02]'),
(239,	79,	6,	'spirit',	'Univerisyt of Science and Technology Chittagong (USTC), Nepali Medical Interns[Dr. Swaraj Rajbhandari][2015-05-02]'),
(240,	80,	4,	'surgical kit',	'Univerisyt of Science and Technology Chittagong (USTC), Nepali Medical Interns[Dr. Swaraj Rajbhandari][2015-05-02]'),
(241,	34,	2,	'tarp',	'Univerisyt of Science and Technology Chittagong (USTC), Nepali Medical Interns[Dr. Swaraj Rajbhandari][2015-05-02]'),
(242,	34,	1,	'tarp',	'Univerisyt of Science and Technology Chittagong (USTC), Nepali Medical Interns[Dr. Swaraj Rajbhandari][2015-05-02]'),
(243,	35,	150,	'tents',	'Univerisyt of Science and Technology Chittagong (USTC), Nepali Medical Interns[Dr. Swaraj Rajbhandari][2015-05-02]'),
(244,	81,	2,	'thermometer',	'Univerisyt of Science and Technology Chittagong (USTC), Nepali Medical Interns[Dr. Swaraj Rajbhandari][2015-05-02]'),
(245,	82,	12,	'toilet paper',	'Univerisyt of Science and Technology Chittagong (USTC), Nepali Medical Interns[Dr. Swaraj Rajbhandari][2015-05-02]'),
(246,	27,	16,	'torchlight',	'Univerisyt of Science and Technology Chittagong (USTC), Nepali Medical Interns[Dr. Swaraj Rajbhandari][2015-05-02]'),
(247,	83,	20,	'virex',	'Univerisyt of Science and Technology Chittagong (USTC), Nepali Medical Interns[Dr. Swaraj Rajbhandari][2015-05-02]'),
(248,	84,	1,	'vitamins',	'Univerisyt of Science and Technology Chittagong (USTC), Nepali Medical Interns[Dr. Swaraj Rajbhandari][2015-05-02]'),
(249,	29,	48,	'water',	'Univerisyt of Science and Technology Chittagong (USTC), Nepali Medical Interns[Dr. Swaraj Rajbhandari][2015-05-02]'),
(250,	3,	256,	'beaten rice',	'Global Shapers/Child Reach Nepal[Urgen Lama][2015-05-04]'),
(251,	4,	640,	'biscuits',	'Global Shapers/Child Reach Nepal[Urgen Lama][2015-05-04]'),
(252,	4,	3000,	'biscuits',	'Global Shapers/Child Reach Nepal[Urgen Lama][2015-05-04]'),
(253,	5,	100,	'blanket',	'Global Shapers/Child Reach Nepal[Urgen Lama][2015-05-04]'),
(254,	5,	250,	'blanket',	'Global Shapers/Child Reach Nepal[Urgen Lama][2015-05-04]'),
(255,	41,	256,	'chocolate',	'Global Shapers/Child Reach Nepal[Urgen Lama][2015-05-04]'),
(256,	85,	200,	'cotton',	'Global Shapers/Child Reach Nepal[Urgen Lama][2015-05-04]'),
(257,	86,	80,	'flagyl',	'Global Shapers/Child Reach Nepal[Urgen Lama][2015-05-04]'),
(258,	87,	794,	'gauze',	'Global Shapers/Child Reach Nepal[Urgen Lama][2015-05-04]'),
(259,	13,	128,	'lentils',	'Global Shapers/Child Reach Nepal[Urgen Lama][2015-05-04]'),
(260,	13,	100,	'lentils ',	'Global Shapers/Child Reach Nepal[Urgen Lama][2015-05-04]'),
(261,	88,	50,	'milk',	'Global Shapers/Child Reach Nepal[Urgen Lama][2015-05-04]'),
(262,	15,	1280,	'noodles',	'Global Shapers/Child Reach Nepal[Urgen Lama][2015-05-04]'),
(263,	16,	640,	'ors',	'Global Shapers/Child Reach Nepal[Urgen Lama][2015-05-04]'),
(264,	89,	204,	'plaster of paris 15cm',	'Global Shapers/Child Reach Nepal[Urgen Lama][2015-05-04]'),
(265,	69,	21,	'plastic bag',	'Global Shapers/Child Reach Nepal[Urgen Lama][2015-05-04]'),
(266,	90,	120,	'povidone iodine',	'Global Shapers/Child Reach Nepal[Urgen Lama][2015-05-04]'),
(267,	19,	640,	'rice',	'Global Shapers/Child Reach Nepal[Urgen Lama][2015-05-04]'),
(268,	19,	200,	'rice',	'Global Shapers/Child Reach Nepal[Urgen Lama][2015-05-04]'),
(269,	20,	128,	'salt',	'Global Shapers/Child Reach Nepal[Urgen Lama][2015-05-04]'),
(270,	20,	50,	'salt',	'Global Shapers/Child Reach Nepal[Urgen Lama][2015-05-04]'),
(271,	91,	2000,	'syringe ',	'Global Shapers/Child Reach Nepal[Urgen Lama][2015-05-04]'),
(272,	34,	49,	'tarp',	'Global Shapers/Child Reach Nepal[Urgen Lama][2015-05-04]'),
(273,	92,	80,	'tragesic',	'Global Shapers/Child Reach Nepal[Urgen Lama][2015-05-04]'),
(274,	93,	1000,	'valfen',	'Global Shapers/Child Reach Nepal[Urgen Lama][2015-05-04]'),
(275,	29,	200,	'water',	'Global Shapers/Child Reach Nepal[Urgen Lama][2015-05-04]'),
(276,	94,	500,	'water purification tablets',	'Global Shapers/Child Reach Nepal[Urgen Lama][2015-05-04]'),
(277,	10,	5,	'flour',	'Global Shapers/Child Reach Nepal[Aashmi Rana][2015-05-06]'),
(278,	42,	0,	'glucose',	'Global Shapers/Child Reach Nepal[Aashmi Rana][2015-05-06]'),
(279,	14,	100,	'medicines',	'Global Shapers/Child Reach Nepal[Aashmi Rana][2015-05-06]'),
(280,	33,	3,	'puffed rice',	'Global Shapers/Child Reach Nepal[Aashmi Rana][2015-05-06]'),
(281,	19,	1,	'rice',	'Global Shapers/Child Reach Nepal[Aashmi Rana][2015-05-06]'),
(282,	78,	8,	'soap',	'Global Shapers/Child Reach Nepal[Aashmi Rana][2015-05-06]'),
(283,	78,	4,	'soap',	'Global Shapers/Child Reach Nepal[Aashmi Rana][2015-05-06]'),
(284,	95,	1,	'spices',	'Global Shapers/Child Reach Nepal[Aashmi Rana][2015-05-06]'),
(285,	23,	100,	'sugar',	'Global Shapers/Child Reach Nepal[Aashmi Rana][2015-05-06]'),
(286,	96,	19,	'amoxicillin injection',	'Global Shapers/Child Reach Nepal[Dhulikhel Hospital][2015-05-06]'),
(287,	97,	12,	'bandage',	'Global Shapers/Child Reach Nepal[Dhulikhel Hospital][2015-05-06]'),
(288,	98,	8,	'blood transfusion set',	'Global Shapers/Child Reach Nepal[Dhulikhel Hospital][2015-05-06]'),
(289,	99,	2,	'cefepime injection',	'Global Shapers/Child Reach Nepal[Dhulikhel Hospital][2015-05-06]'),
(290,	100,	222,	'ceftriaxone injection',	'Global Shapers/Child Reach Nepal[Dhulikhel Hospital][2015-05-06]'),
(291,	101,	90,	'cefuroxime injection',	'Global Shapers/Child Reach Nepal[Dhulikhel Hospital][2015-05-06]'),
(292,	102,	20,	'ciprofloxacin injection',	'Global Shapers/Child Reach Nepal[Dhulikhel Hospital][2015-05-06]'),
(293,	85,	6,	'cotton',	'Global Shapers/Child Reach Nepal[Dhulikhel Hospital][2015-05-06]'),
(294,	103,	1030,	'diclofenac injection',	'Global Shapers/Child Reach Nepal[Dhulikhel Hospital][2015-05-06]'),
(295,	9,	600,	'face mask',	'Global Shapers/Child Reach Nepal[Dhulikhel Hospital][2015-05-06]'),
(296,	104,	16,	'flucloxacillin injection',	'Global Shapers/Child Reach Nepal[Dhulikhel Hospital][2015-05-06]'),
(297,	87,	19,	'gauze',	'Global Shapers/Child Reach Nepal[Dhulikhel Hospital][2015-05-06]'),
(298,	105,	14,	'gentamicin injection',	'Global Shapers/Child Reach Nepal[Dhulikhel Hospital][2015-05-06]'),
(299,	11,	10,	'gloves',	'Global Shapers/Child Reach Nepal[Dhulikhel Hospital][2015-05-06]'),
(300,	11,	600,	'gloves',	'Global Shapers/Child Reach Nepal[Dhulikhel Hospital][2015-05-06]'),
(301,	42,	15,	'glucose',	'Global Shapers/Child Reach Nepal[Dhulikhel Hospital][2015-05-06]'),
(302,	106,	11,	'hydrocortisone injection',	'Global Shapers/Child Reach Nepal[Dhulikhel Hospital][2015-05-06]'),
(303,	107,	7,	'hyoscine butylbromide',	'Global Shapers/Child Reach Nepal[Dhulikhel Hospital][2015-05-06]'),
(304,	108,	65,	'infusion set',	'Global Shapers/Child Reach Nepal[Dhulikhel Hospital][2015-05-06]'),
(305,	109,	300,	'intravenous cannula ',	'Global Shapers/Child Reach Nepal[Dhulikhel Hospital][2015-05-06]'),
(306,	110,	318,	'ketorolac 30mg',	'Global Shapers/Child Reach Nepal[Dhulikhel Hospital][2015-05-06]'),
(307,	111,	29,	'metronidazole injection',	'Global Shapers/Child Reach Nepal[Dhulikhel Hospital][2015-05-06]'),
(308,	89,	84,	'plaster of paris 15cm',	'Global Shapers/Child Reach Nepal[Dhulikhel Hospital][2015-05-06]'),
(309,	45,	72,	'plaster of paris 4in',	'Global Shapers/Child Reach Nepal[Dhulikhel Hospital][2015-05-06]'),
(310,	46,	39,	'plaster of paris 6in',	'Global Shapers/Child Reach Nepal[Dhulikhel Hospital][2015-05-06]'),
(311,	90,	5,	'povidone iodine',	'Global Shapers/Child Reach Nepal[Dhulikhel Hospital][2015-05-06]'),
(312,	112,	100,	'scalpe vein set',	'Global Shapers/Child Reach Nepal[Dhulikhel Hospital][2015-05-06]'),
(313,	113,	1,	'surgical blade',	'Global Shapers/Child Reach Nepal[Dhulikhel Hospital][2015-05-06]'),
(314,	114,	1,	'swab roll',	'Global Shapers/Child Reach Nepal[Dhulikhel Hospital][2015-05-06]'),
(315,	91,	2750,	'syringe ',	'Global Shapers/Child Reach Nepal[Dhulikhel Hospital][2015-05-06]'),
(316,	115,	63,	'tiemonium injection',	'Global Shapers/Child Reach Nepal[Dhulikhel Hospital][2015-05-06]'),
(317,	116,	40,	'tramadol injection',	'Global Shapers/Child Reach Nepal[Dhulikhel Hospital][2015-05-06]'),
(318,	34,	40,	'tarp',	'Global Shapers/Child Reach Nepal[Gagan Thapa][2015-05-06]'),
(319,	6,	36,	'clothes',	'Global Shapers/Child Reach Nepal[Pushpa Basnet][2015-05-06]'),
(320,	9,	300,	'face mask',	'Global Shapers/Child Reach Nepal[Pushpa Basnet][2015-05-06]'),
(321,	54,	21,	'hand sanitizer',	'Global Shapers/Child Reach Nepal[Pushpa Basnet][2015-05-06]'),
(322,	117,	3,	'insect repellant',	'Global Shapers/Child Reach Nepal[Pushpa Basnet][2015-05-06]'),
(323,	118,	18,	'lactogen',	'Global Shapers/Child Reach Nepal[Pushpa Basnet][2015-05-06]'),
(324,	29,	96,	'water',	'Global Shapers/Child Reach Nepal[Pushpa Basnet][2015-05-06]'),
(325,	21,	70,	'sanitary pads',	'Global Shapers/Child Reach Nepal[Rijuta Dahal (Kehi Garum)][2015-05-06]'),
(326,	78,	89,	'soap',	'Global Shapers/Child Reach Nepal[Urgen Lama][2015-05-06]'),
(327,	34,	5,	'tarp',	'Global Shapers/Child Reach Nepal[Urgen Lama][2015-05-06]'),
(328,	25,	89,	'toothbrush',	'Global Shapers/Child Reach Nepal[Urgen Lama][2015-05-06]'),
(329,	26,	89,	'toothpaste ',	'Global Shapers/Child Reach Nepal[Urgen Lama][2015-05-06]'),
(330,	27,	89,	'torchlight',	'Global Shapers/Child Reach Nepal[Urgen Lama][2015-05-06]'),
(331,	29,	200,	'water',	'Global Shapers/Child Reach Nepal[Urgen Lama][2015-05-06]'),
(332,	29,	160,	'water',	'Global Shapers/Child Reach Nepal[Urgen Lama][2015-05-06]'),
(333,	19,	150,	'rice',	'Global Shapers/Child Reach Nepal[Ankur Agarwal][2015-05-07]'),
(334,	13,	30,	'lentils',	'Global Shapers/Child Reach Nepal[Ankur Agarwal][2015-05-07]'),
(335,	15,	300,	'noodles',	'Global Shapers/Child Reach Nepal[Ankur Agarwal][2015-05-07]'),
(336,	4,	150,	'biscuits',	'Global Shapers/Child Reach Nepal[Ankur Agarwal][2015-05-07]'),
(337,	20,	30,	'salt',	'Global Shapers/Child Reach Nepal[Ankur Agarwal][2015-05-07]'),
(338,	41,	60,	'chocolate',	'Global Shapers/Child Reach Nepal[Ankur Agarwal][2015-05-07]'),
(339,	3,	60,	'beaten rice',	'Global Shapers/Child Reach Nepal[Ankur Agarwal][2015-05-07]'),
(340,	67,	100,	'permanent marker',	'Global Shapers/Child Reach Nepal[Ankur Agarwal][2015-05-07]'),
(341,	27,	2,	'torchlight',	'Global Shapers/Child Reach Nepal[Ankur Agarwal][2015-05-07]'),
(342,	66,	100,	'paracetamol',	'Global Shapers/Child Reach Nepal[Ankur Agarwal][2015-05-07]'),
(343,	94,	120,	'water purification tablets',	'Global Shapers/Child Reach Nepal[Ankur Agarwal][2015-05-07]'),
(344,	16,	300,	'ors',	'Global Shapers/Child Reach Nepal[Ankur Agarwal][2015-05-07]'),
(345,	34,	20,	'tarp',	'Global Shapers/Child Reach Nepal[Lokesh Todi][2015-05-08]'),
(346,	13,	100,	'lentils',	'Global Shapers/Child Reach Nepal[Urgen Lama][2015-05-08]'),
(347,	15,	1000,	'noodles',	'Global Shapers/Child Reach Nepal[Urgen Lama][2015-05-08]'),
(348,	4,	500,	'biscuits',	'Global Shapers/Child Reach Nepal[Urgen Lama][2015-05-08]'),
(349,	20,	100,	'salt',	'Global Shapers/Child Reach Nepal[Urgen Lama][2015-05-08]'),
(350,	41,	200,	'chocolate',	'Global Shapers/Child Reach Nepal[Urgen Lama][2015-05-08]'),
(351,	3,	200,	'beaten rice',	'Global Shapers/Child Reach Nepal[Urgen Lama][2015-05-08]'),
(352,	35,	2,	'tents',	'Global Shapers/Child Reach Nepal[Urgen Lama][2015-05-08]'),
(353,	5,	12,	'blanket',	'Global Shapers/Child Reach Nepal[Urgen Lama][2015-05-08]'),
(354,	19,	680,	'rice',	'Global Shapers/Child Reach Nepal[Urgen Lama][2015-05-08]'),
(355,	13,	136,	'lentils',	'Global Shapers/Child Reach Nepal[Urgen Lama][2015-05-08]'),
(356,	15,	1360,	'noodles',	'Global Shapers/Child Reach Nepal[Urgen Lama][2015-05-08]'),
(357,	4,	680,	'biscuits',	'Global Shapers/Child Reach Nepal[Urgen Lama][2015-05-08]'),
(358,	20,	136,	'salt',	'Global Shapers/Child Reach Nepal[Urgen Lama][2015-05-08]'),
(359,	41,	272,	'chocolate',	'Global Shapers/Child Reach Nepal[Urgen Lama][2015-05-08]'),
(360,	3,	272,	'beaten rice',	'Global Shapers/Child Reach Nepal[Urgen Lama][2015-05-08]'),
(361,	25,	50,	'toothbrush',	'Global Shapers/Child Reach Nepal[Urgen Lama][2015-05-08]'),
(362,	26,	50,	'toothpaste ',	'Global Shapers/Child Reach Nepal[Urgen Lama][2015-05-08]'),
(363,	78,	50,	'soap',	'Global Shapers/Child Reach Nepal[Urgen Lama][2015-05-08]'),
(364,	16,	250,	'ors',	'Global Shapers/Child Reach Nepal[Urgen Lama][2015-05-08]'),
(365,	4,	120,	'biscuits',	'Global Shapers/Child Reach Nepal[Aashmi Rana][2015-05-08]'),
(366,	34,	20,	'tarp',	'Global Shapers/Child Reach Nepal[Aashmi Rana][2015-05-08]'),
(367,	34,	2,	'tarp',	'Global Shapers/Child Reach Nepal[Aashmi Rana][2015-05-08]'),
(368,	41,	500,	'chocolate',	'Global Shapers/Child Reach Nepal[Aashmi Rana][2015-05-08]'),
(369,	21,	72,	'sanitary pads',	'Global Shapers/Child Reach Nepal[Aashmi Rana][2015-05-08]'),
(370,	3,	690,	'beaten rice',	'Global Shapers/Child Reach Nepal[Lokesh Todi][2015-05-10]'),
(371,	13,	450,	'lentils',	'Global Shapers/Child Reach Nepal[Lokesh Todi][2015-05-10]'),
(372,	34,	80,	'tarp',	'Global Shapers/Child Reach Nepal[Lokesh Todi][2015-05-10]');



INSERT INTO `package_debug` (`pkg_id`, `pkg_count`, `pkg_status`, `pkg_timestamp`, `pkg_approval`, `agent_id`, `help_call_id`, `help_call_latlng`, `w_id`) VALUES
('Global Shapers, Dhaka[Dhulikhel Hospital][2015-05-02]',	17,	'2',	'2015-05-02 00:00:00',	'1',	17,	23011,	'27.888878,85.618716',	5),
('Global Shapers/Child Reach Nepal[Aashmi Rana][2015-05-01]',	13,	'2',	'2015-05-01 00:00:00',	'1',	13,	24049,	'27.58,85.46',	5),
('Global Shapers/Child Reach Nepal[Aashmi Rana][2015-05-06]',	21,	'2',	'2015-05-06 00:00:00',	'1',	13,	27008,	'27.766667,85.366667',	5),
('Global Shapers/Child Reach Nepal[Aashmi Rana][2015-05-08]',	38,	'2',	'2015-05-08 00:00:00',	'1',	13,	27008,	'27.766667,85.366667',	5),
('Global Shapers/Child Reach Nepal[Amul and Kumar Dahal ][2015-04-30]',	5,	'2',	'2015-04-30 00:00:00',	'1',	5,	-1,	'27.66,85.53',	5),
('Global Shapers/Child Reach Nepal[Ankur Agarwal][2015-05-07]',	33,	'2',	'2015-05-07 00:00:00',	'1',	33,	23071,	'27.85,85.48',	5),
('Global Shapers/Child Reach Nepal[Avishek Shrestha][2015-04-29]',	2,	'2',	'2015-04-29 00:00:00',	'1',	2,	-1,	',',	5),
('Global Shapers/Child Reach Nepal[Avishek Shrestha][2015-04-30]',	6,	'2',	'2015-04-30 00:00:00',	'1',	2,	27030,	'27.737354,85.363501',	5),
('Global Shapers/Child Reach Nepal[Avishek Shrestha][2015-05-06]',	22,	'2',	'2015-05-06 00:00:00',	'1',	2,	27056,	'27.683333,85.183333',	5),
('Global Shapers/Child Reach Nepal[Dhulikhel Hospital][2015-05-06]',	23,	'2',	'2015-05-06 00:00:00',	'1',	17,	-1,	'27.616844,85.547389',	5),
('Global Shapers/Child Reach Nepal[Gagan Thapa][2015-04-30]',	7,	'2',	'2015-04-30 00:00:00',	'1',	7,	27030,	'27.737354,85.363501',	5),
('Global Shapers/Child Reach Nepal[Gagan Thapa][2015-05-06]',	24,	'2',	'2015-05-06 00:00:00',	'1',	7,	27030,	'27.737354,85.363501',	5),
('Global Shapers/Child Reach Nepal[Gagan Thapa][2015-05-07]',	31,	'2',	'2015-05-07 00:00:00',	'1',	7,	23044,	'27.75,85.35',	5),
('Global Shapers/Child Reach Nepal[Lokesh Todi][2015-05-08]',	36,	'2',	'2015-05-08 00:00:00',	'1',	36,	-1,	',',	5),
('Global Shapers/Child Reach Nepal[Lokesh Todi][2015-05-10]',	39,	'2',	'2015-05-10 00:00:00',	'1',	36,	-1,	',',	5),
('Global Shapers/Child Reach Nepal[Nikhil Tuladhar][2015-04-29]',	3,	'2',	'2015-04-29 00:00:00',	'1',	3,	-1,	'27.675498,85.428072',	5),
('Global Shapers/Child Reach Nepal[Nikhil Tuladhar][2015-04-30]',	8,	'2',	'2015-04-30 00:00:00',	'1',	3,	28024,	'27.9,85.06',	5),
('Global Shapers/Child Reach Nepal[Nikhil Tuladhar][2015-05-01]',	14,	'2',	'2015-05-01 00:00:00',	'1',	3,	28024,	'27.9,85.06',	5),
('Global Shapers/Child Reach Nepal[Nikhil Tuladhar][2015-05-06]',	25,	'2',	'2015-05-06 00:00:00',	'1',	3,	-1,	'27.675498,85.428072',	5),
('Global Shapers/Child Reach Nepal[Parmita Shakya][2015-05-07]',	29,	'2',	'2015-05-07 00:00:00',	'1',	29,	26013,	'27.7236,85.5247',	5),
('Global Shapers/Child Reach Nepal[Pushpa Basnet][2015-04-29]',	4,	'2',	'2015-04-29 00:00:00',	'1',	4,	27008,	'27.766667,85.366667',	5),
('Global Shapers/Child Reach Nepal[Pushpa Basnet][2015-05-06]',	26,	'2',	'2015-05-06 00:00:00',	'1',	4,	27008,	'27.766667,85.366667',	5),
('Global Shapers/Child Reach Nepal[Pushpa Basnet][2015-05-07]',	32,	'2',	'2015-05-07 00:00:00',	'1',	4,	27008,	'27.766667,85.366667',	5),
('Global Shapers/Child Reach Nepal[Raj Shrestha][2015-05-01]',	15,	'2',	'2015-05-01 00:00:00',	'1',	15,	-1,	'27.675498,85.428072',	5),
('Global Shapers/Child Reach Nepal[Rijuta Dahal (Kehi Garum)][2015-05-06]',	27,	'2',	'2015-05-06 00:00:00',	'1',	27,	-1,	'27.678056,85.276944',	5),
('Global Shapers/Child Reach Nepal[Silver Mountain][2015-05-01]',	16,	'2',	'2015-05-01 00:00:00',	'1',	16,	-1,	'27.722009,85.321058',	5),
('Global Shapers/Child Reach Nepal[Sony KC][2015-04-30]',	9,	'2',	'2015-04-30 00:00:00',	'1',	9,	-1,	'27.55,85.45',	5),
('Global Shapers/Child Reach Nepal[Sprisha Devkota][2015-04-30]',	10,	'2',	'2015-04-30 00:00:00',	'1',	10,	36007,	'27.93,84.59',	5),
('Global Shapers/Child Reach Nepal[Tirtha][2015-04-30]',	11,	'2',	'2015-04-30 00:00:00',	'1',	11,	30041,	'27.99,84.81',	5),
('Global Shapers/Child Reach Nepal[Ujwal Shrestha][2015-05-07]',	35,	'2',	'2015-05-07 00:00:00',	'1',	35,	-1,	',',	5),
('Global Shapers/Child Reach Nepal[Urgen Lama][2015-04-28]',	1,	'2',	'2015-04-28 00:00:00',	'1',	1,	23048,	'27.83,85.56',	5),
('Global Shapers/Child Reach Nepal[Urgen Lama][2015-04-30]',	12,	'2',	'2015-04-30 00:00:00',	'1',	1,	23048,	'27.83,85.56',	5),
('Global Shapers/Child Reach Nepal[Urgen Lama][2015-05-04]',	20,	'2',	'2015-05-04 00:00:00',	'1',	1,	23048,	'27.83,85.56',	5),
('Global Shapers/Child Reach Nepal[Urgen Lama][2015-05-06]',	28,	'2',	'2015-05-06 00:00:00',	'1',	1,	23048,	'27.83,85.56',	5),
('Global Shapers/Child Reach Nepal[Urgen Lama][2015-05-07]',	34,	'2',	'2015-05-07 00:00:00',	'1',	1,	23048,	'27.83,85.56',	5),
('Global Shapers/Child Reach Nepal[Urgen Lama][2015-05-08]',	37,	'2',	'2015-05-08 00:00:00',	'1',	1,	23048,	'27.83,85.56',	5),
('Global Shapers/Child Reach Nepal[Utsav Shakya][2015-05-07]',	30,	'2',	'2015-05-07 00:00:00',	'1',	30,	-1,	'27.691257,85.294556',	5),
('phect Nepal[Dr. Swaraj Rajbhandari][2015-05-02]',	18,	'2',	'2015-05-02 00:00:00',	'1',	18,	23011,	'27.888878,85.618716',	5),
('Univerisyt of Science and Technology Chittagong (USTC), Nepali Medical Interns[Dr. Swaraj Rajbhandar',	19,	'2',	'2015-05-02 00:00:00',	'1',	18,	23011,	'27.888878,85.618716',	5);

-- 2015-05-20 15:03:38
